,SEASON_ID,Player_ID,Game_ID,GAME_DATE,MATCHUP,WL,MIN,FGM,FGA,FG_PCT,FG3M,FG3A,FG3_PCT,FTM,FTA,FT_PCT,OREB,DREB,REB,AST,STL,BLK,TOV,PF,PTS,PLUS_MINUS,VIDEO_AVAILABLE
0,21957,77196,0025700287,"MAR 12, 1958",BOS vs. NYK,L,7,2,3.0,,,,,0,0,,,,2.0,,,,,0.0,4,,0
1,21957,77196,0025700280,"MAR 09, 1958",BOS vs. CIN,L,14,3,5.0,,,,,2,2,,,,2.0,,,,,1.0,8,,0
2,21957,77196,0025700279,"MAR 08, 1958",BOS vs. DET,W,10,0,5.0,,,,,1,1,,,,1.0,,,,,0.0,1,,0
3,21957,77196,0025700273,"MAR 05, 1958",BOS vs. STL,W,6,0,2.0,,,,,0,0,,,,0.0,,,,,0.0,0,,0
4,21957,77196,0025700271,"MAR 04, 1958",BOS @ NYK,L,0,4,,,,,,2,2,,,,,,,,,4.0,10,,0
5,21957,77196,0025700268,"MAR 02, 1958",BOS @ SYR,W,24,3,8.0,,,,,4,4,,,,7.0,0.0,,,,1.0,10,,0
6,21957,77196,0025700261,"FEB 26, 1958",BOS @ DET,W,0,6,,,,,,0,0,,,,,,,,,2.0,12,,0
7,21957,77196,0025700254,"FEB 23, 1958",BOS vs. PHW,W,0,2,5.0,,,,,1,2,0.5,,,4.0,1.0,,,,1.0,5,,0
8,21957,77196,0025700250,"FEB 21, 1958",BOS @ STL,L,0,3,9.0,0.333,,,,1,1,1.0,,,,,,,,1.0,7,,0
9,21957,77196,0025700245,"FEB 19, 1958",BOS @ PHW,L,17,3,9.0,,,,,5,7,0.714,,,6.0,2.0,,,,3.0,11,,0
10,21957,77196,0025700228,"FEB 12, 1958",BOS vs. SYR,W,2,0,2.0,,,,,0,0,,,,2.0,,,,,0.0,0,,0
11,21957,77196,0025700226,"FEB 11, 1958",BOS @ SYR,L,0,1,3.0,,,,,1,1,,,,2.0,1.0,,,,0.0,3,,0
12,21957,77196,0025700222,"FEB 09, 1958",BOS @ SYR,L,27,2,10.0,,,,,3,4,0.75,,,5.0,2.0,,,,2.0,7,,0
13,21957,77196,0025700218,"FEB 08, 1958",BOS vs. CIN,W,0,0,,,,,,1,1,,,,,,,,,0.0,1,,0
14,21957,77196,0025700215,"FEB 07, 1958",BOS vs. MNL,W,28,2,10.0,,,,,2,3,0.667,,,0.0,,,,,0.0,6,,0
15,21957,77196,0025700211,"FEB 05, 1958",BOS vs. CIN,W,18,6,11.0,,,,,1,1,,,,7.0,,,,,1.0,13,,0
16,21957,77196,0025700209,"FEB 04, 1958",BOS vs. CIN,W,0,2,,,,,,1,1,,,,,,,,,1.0,5,,0
17,21957,77196,0025700203,"FEB 02, 1958",BOS vs. DET,W,3,1,2.0,,,,,0,0,,,,0.0,,,,,1.0,2,,0
18,21957,77196,0025700196,"JAN 31, 1958",BOS vs. PHW,L,8,1,2.0,,,,,0,0,,,,2.0,0.0,,,,3.0,2,,0
19,21957,77196,0025700193,"JAN 30, 1958",BOS @ PHW,L,0,5,10.0,,,,,0,1,0.0,,,7.0,1.0,,,,1.0,10,,0
20,21957,77196,0025700186,"JAN 26, 1958",BOS vs. SYR,W,4,1,2.0,,,,,2,2,,,,3.0,,,,,0.0,4,,0
21,21957,77196,0025700181,"JAN 25, 1958",BOS @ SYR,L,0,1,,,,,,3,3,,,,,,,,,0.0,5,,0
22,21957,77196,0025700178,"JAN 24, 1958",BOS vs. NYK,W,17,4,10.0,,,,,0,0,,,,3.0,,,,,0.0,8,,0
23,21957,77196,0025700175,"JAN 22, 1958",BOS @ MNL,W,0,0,,,,,,1,2,0.5,,,,,,,,0.0,1,,0
24,21957,77196,0025700169,"JAN 19, 1958",BOS vs. PHW,W,4,0,0.0,,,,,1,1,,,,2.0,0.0,,,,0.0,1,,0
25,21957,77196,0025700167,"JAN 18, 1958",BOS @ PHW,L,0,2,2.0,,,,,1,2,0.5,,,0.0,0.0,,,,0.0,5,,0
26,21957,77196,0025700164,"JAN 17, 1958",BOS vs. SYR,W,7,1,1.0,,,,,0,0,,,,3.0,,,,,0.0,2,,0
27,21957,77196,0025700158,"JAN 15, 1958",BOS vs. DET,W,6,1,1.0,,,,,0,0,,,,4.0,,,,,1.0,2,,0
28,21957,77196,0025700155,"JAN 12, 1958",BOS @ CIN,L,0,6,,,,,,0,0,,,,,,,,,1.0,12,,0
29,21957,77196,0025700151,"JAN 11, 1958",BOS @ STL,L,0,2,2.0,,,,,0,0,,,,,,,,,1.0,4,,0
30,21957,77196,0025700144,"JAN 09, 1958",BOS @ NYK,L,0,1,,,,,,0,3,0.0,,,,,,,,2.0,2,,0
31,21957,77196,0025700143,"JAN 08, 1958",BOS @ MNL,W,0,3,,,,,,2,2,,,,,,,,,0.0,8,,0
32,21957,77196,0025700136,"JAN 05, 1958",BOS vs. MNL,W,0,1,,,,,,0,0,,,,,,,,,0.0,2,,0
33,21957,77196,0025700118,"DEC 27, 1957",BOS @ PHW,L,0,0,0.0,,,,,1,2,,,,0.0,0.0,,,,0.0,1,,0
34,21957,77196,0025700114,"DEC 26, 1957",BOS vs. NYK,W,3,1,2.0,,,,,0,0,,,,1.0,,,,,2.0,2,,0
35,21957,77196,0025700112,"DEC 25, 1957",BOS @ PHW,L,0,1,2.0,,,,,0,0,,,,3.0,1.0,,,,1.0,2,,0
36,21957,77196,0025700109,"DEC 22, 1957",BOS @ CIN,W,0,0,,,,,,0,2,0.0,,,,,,,,0.0,0,,0
37,21957,77196,0025700105,"DEC 21, 1957",BOS vs. MNL,W,14,3,6.0,,,,,3,3,,,,4.0,,,,,0.0,9,,0
38,21957,77196,0025700096,"DEC 14, 1957",BOS vs. PHW,W,11,2,4.0,,,,,1,3,0.333,,,3.0,0.0,,,,0.0,5,,0
39,21957,77196,0025700093,"DEC 12, 1957",BOS @ STL,L,0,0,0.0,,,,,0,0,,,,0.0,0.0,,,,0.0,0,,0
40,21957,77196,0025700090,"DEC 11, 1957",BOS vs. CIN,W,21,2,8.0,,,,,2,5,0.4,,,6.0,,,,,2.0,6,,0
41,21957,77196,0025700081,"DEC 07, 1957",BOS @ PHW,W,0,0,1.0,,,,,0,0,,,,0.0,0.0,,,,0.0,0,,0
42,21957,77196,0025700077,"DEC 06, 1957",BOS vs. STL,W,0,1,2.0,,,,,0,0,,,,,,,,,0.0,2,,0
43,21957,77196,0025700074,"DEC 04, 1957",BOS @ MNL,W,0,4,,,,,,4,4,1.0,,,,,,,,1.0,12,,0
44,21957,77196,0025700070,"DEC 03, 1957",BOS @ DET,W,0,0,,,,,,0,2,0.0,,,,,,,,0.0,0,,0
45,21957,77196,0025700067,"DEC 01, 1957",BOS @ SYR,L,31,4,6.0,,,,,7,8,0.875,,,5.0,1.0,,,,5.0,15,,0
46,21957,77196,0025700061,"NOV 28, 1957",BOS @ NYK,L,0,0,,,,,,0,0,,,,,,,,,0.0,0,,0
47,21957,77196,0025700056,"NOV 27, 1957",BOS vs. NYK,W,1,0,0.0,,,,,1,1,,,,0.0,,,,,1.0,1,,0
48,21957,77196,0025700051,"NOV 23, 1957",BOS vs. MNL,W,22,4,12.0,,,,,0,1,0.0,,,4.0,,,,,2.0,8,,0
49,21957,77196,0025700047,"NOV 21, 1957",BOS @ DET,W,0,4,,,,,,3,5,0.6,,,,,,,,0.0,11,,0
50,21957,77196,0025700038,"NOV 16, 1957",BOS vs. PHW,W,9,2,5.0,,,,,0,1,0.0,,,1.0,0.0,,,,0.0,4,,0
51,21957,77196,0025700030,"NOV 12, 1957",BOS vs. MNL,W,0,0,,,,,,0,0,,,,,,,,,0.0,0,,0
52,21957,77196,0025700023,"NOV 08, 1957",BOS @ CIN,W,0,0,,,,,,0,0,0.0,,,,,,,,0.0,0,,0
53,21957,77196,0025700017,"NOV 03, 1957",BOS @ SYR,W,0,1,,,,,,0,0,,,,,,,,,0.0,2,,0
54,21957,77196,0025700015,"NOV 02, 1957",BOS vs. SYR,W,0,1,,,,,,3,3,,,,,,,,,1.0,5,,0
55,21957,77196,0025700001,"OCT 22, 1957",BOS @ STL,W,3,0,0.0,0.0,,,,0,0,0.0,,,1.0,,,,,1.0,0,,0
0,21958,77196,0025800285,"MAR 10, 1959",BOS vs. NYK,L,24,7,11.0,,,,,1,2,0.5,,,4.0,,,,,3.0,15,,0
1,21958,77196,0025800281,"MAR 08, 1959",BOS vs. CIN,W,16,5,11.0,,,,,2,2,1.0,,,6.0,,,,,1.0,12,,0
2,21958,77196,0025800274,"MAR 05, 1959",BOS @ SYR,L,0,8,,,,,,5,6,0.833,,,,,,,,0.0,21,,0
3,21958,77196,0025800272,"MAR 04, 1959",BOS vs. SYR,W,15,1,6.0,,,,,1,1,1.0,,,7.0,,,,,0.0,3,,0
4,21958,77196,0025800267,"MAR 03, 1959",BOS vs. MNL,W,8,3,8.0,,,,,0,0,0.0,,,3.0,,,,,1.0,6,,0
5,21958,77196,0025800263,"MAR 01, 1959",BOS @ STL,L,0,3,8.0,0.375,,,,0,1,0.0,,,9.0,,,,,1.0,6,,0
6,21958,77196,0025800258,"FEB 27, 1959",BOS vs. MNL,W,12,4,15.0,,,,,0,0,0.0,,,9.0,2.0,,,,1.0,8,,0
7,21958,77196,0025800256,"FEB 26, 1959",BOS vs. PHW,W,0,5,9.0,,,,,0,0,0.0,,,5.0,2.0,,,,2.0,10,,0
8,21958,77196,0025800250,"FEB 24, 1959",BOS @ NYK,L,0,1,,,,,,3,4,0.75,,,,,,,,2.0,5,,0
9,21958,77196,0025800246,"FEB 22, 1959",BOS @ CIN,W,0,4,,,,,,5,5,1.0,,,,,,,,1.0,13,,0
10,21958,77196,0025800241,"FEB 20, 1959",BOS @ DET,W,0,1,,,,,,7,9,0.778,,,,,,,,3.0,9,,0
11,21958,77196,0025800240,"FEB 19, 1959",BOS @ SYR,L,34,4,12.0,,,,,3,3,1.0,,,10.0,4.0,,,,3.0,11,,0
12,21958,77196,0025800237,"FEB 17, 1959",BOS vs. PHW,W,0,5,14.0,,,,,6,7,0.857,,,12.0,3.0,,,,0.0,16,,0
13,21958,77196,0025800234,"FEB 15, 1959",BOS vs. DET,W,35,7,14.0,,,,,2,3,0.667,,,5.0,,,,,1.0,16,,0
14,21958,77196,0025800228,"FEB 14, 1959",BOS vs. SYR,W,28,10,22.0,,,,,2,2,,,,11.0,,,,,3.0,22,,0
15,21958,77196,0025800222,"FEB 11, 1959",BOS vs. PHW,W,27,4,13.0,,,,,1,1,1.0,,,14.0,2.0,,,,0.0,9,,0
16,21958,77196,0025800218,"FEB 09, 1959",BOS @ PHW,L,0,5,14.0,,,,,4,4,,,,12.0,4.0,,,,3.0,14,,0
17,21958,77196,0025800213,"FEB 08, 1959",BOS vs. CIN,W,25,3,10.0,,,,,2,2,,,,4.0,,,,,2.0,8,,0
18,21958,77196,0025800211,"FEB 07, 1959",BOS @ NYK,W,0,7,,,,,,3,3,,,,,,,,,2.0,17,,0
19,21958,77196,0025800210,"FEB 06, 1959",BOS vs. STL,W,40,8,15.0,,,,,7,9,0.778,,,8.0,6.0,,,,3.0,23,,0
20,21958,77196,0025800204,"FEB 04, 1959",BOS vs. NYK,L,23,8,15.0,,,,,0,0,,,,8.0,,,,,3.0,16,,0
21,21958,77196,0025800203,"FEB 03, 1959",BOS vs. STL,W,27,6,17.0,,,,,1,2,0.5,,,14.0,,,,,1.0,13,,0
22,21958,77196,0025800198,"FEB 01, 1959",BOS vs. SYR,W,19,3,10.0,,,,,6,7,,,,4.0,,,,,2.0,12,,0
23,21958,77196,0025800195,"JAN 31, 1959",BOS vs. PHW,W,32,10,19.0,,,,,4,6,,,,12.0,2.0,,,,5.0,24,,0
24,21958,77196,0025800188,"JAN 28, 1959",BOS vs. STL,W,20,6,9.0,,,,,1,2,0.5,,,5.0,,,,,2.0,13,,0
25,21958,77196,0025800180,"JAN 25, 1959",BOS vs. DET,W,22,5,11.0,,,,,2,2,,,,4.0,,,,,5.0,12,,0
26,21958,77196,0025800178,"JAN 24, 1959",BOS vs. PHW,W,27,7,16.0,,,,,2,2,,,,12.0,4.0,,,,2.0,16,,0
27,21958,77196,0025800174,"JAN 21, 1959",BOS @ SYR,L,0,7,,,,,,1,3,0.333,,,,,,,,3.0,15,,0
28,21958,77196,0025800172,"JAN 20, 1959",BOS @ STL,L,17,5,17.0,,,,,1,2,0.5,,,5.0,,,,,3.0,11,,0
29,21958,77196,0025800169,"JAN 18, 1959",BOS vs. STL,W,24,10,15.0,,,,,3,5,,,,5.0,5.0,,,,2.0,23,,0
30,21958,77196,0025800163,"JAN 16, 1959",BOS @ PHW,L,0,4,10.0,,,,,4,7,0.571,,,6.0,2.0,,,,1.0,12,,0
31,21958,77196,0025800158,"JAN 14, 1959",BOS vs. NYK,W,23,5,14.0,,,,,1,2,0.5,,,9.0,,,,,2.0,11,,0
32,21958,77196,0025800155,"JAN 12, 1959",BOS vs. MNL,W,0,2,7.0,,,,,1,2,0.5,,,4.0,0.0,,,,1.0,5,,0
33,21958,77196,0025800152,"JAN 11, 1959",BOS vs. MNL,W,0,0,,,,,,5,6,0.833,,,,,,,,1.0,5,,0
34,21958,77196,0025800148,"JAN 09, 1959",BOS @ DET,W,0,0,,,,,,2,2,,,,,,,,,1.0,2,,0
35,21958,77196,0025800144,"JAN 07, 1959",BOS @ NYK,W,0,1,,,,,,2,2,,,,,,,,,4.0,4,,0
36,21958,77196,0025800140,"JAN 06, 1959",BOS vs. CIN,W,0,4,13.0,,,,,2,2,,,,6.0,1.0,,,,1.0,10,,0
37,21958,77196,0025800137,"JAN 05, 1959",BOS vs. MNL,W,0,3,,,,,,0,0,,,,,,,,,1.0,6,,0
38,21958,77196,0025800134,"JAN 04, 1959",BOS @ CIN,W,0,1,,,,,,0,0,,,,,,,,,0.0,2,,0
39,21958,77196,0025800131,"JAN 03, 1959",BOS @ STL,L,0,2,9.0,,,,,2,3,0.667,,,,,,,,1.0,6,,0
40,21958,77196,0025800124,"DEC 30, 1958",BOS @ PHW,L,0,3,7.0,,,,,0,0,0.0,,,2.0,0.0,,,,0.0,6,,0
41,21958,77196,0025800121,"DEC 29, 1958",BOS vs. SYR,W,14,2,6.0,,,,,3,4,0.75,,,3.0,,,,,1.0,7,,0
42,21958,77196,0025800118,"DEC 27, 1958",BOS @ MNL,W,0,3,7.0,,,,,3,4,0.75,,,,,,,,1.0,9,,0
43,21958,77196,0025800113,"DEC 26, 1958",BOS vs. MNL,W,0,1,,,,,,0,0,0.0,,,,,,,,0.0,2,,0
44,21958,77196,0025800110,"DEC 25, 1958",BOS @ NYK,W,0,6,,,,,,3,3,1.0,,,,,,,,3.0,15,,0
45,21958,77196,0025800105,"DEC 20, 1958",BOS vs. NYK,W,19,5,8.0,,,,,1,1,1.0,,,9.0,,,,,0.0,11,,0
46,21958,77196,0025800103,"DEC 18, 1958",BOS @ CIN,W,0,5,,,,,,2,2,,,,,,,,,1.0,12,,0
47,21958,77196,0025800101,"DEC 17, 1958",BOS @ DET,W,0,2,,,,,,0,0,,,,,,,,,2.0,4,,0
48,21958,77196,0025800099,"DEC 16, 1958",BOS @ SYR,W,0,4,,,,,,2,5,0.4,,,,,,,,0.0,10,,0
49,21958,77196,0025800091,"DEC 12, 1958",BOS vs. CIN,W,20,8,12.0,,,,,2,2,1.0,,,7.0,,,,,1.0,18,,0
50,21958,77196,0025800088,"DEC 11, 1958",BOS @ PHW,W,0,9,14.0,,,,,1,2,0.5,,,3.0,0.0,,,,3.0,19,,0
51,21958,77196,0025800085,"DEC 10, 1958",BOS vs. PHW,W,22,4,10.0,0.4,,,,0,0,0.0,,,8.0,1.0,,,,0.0,8,,0
52,21958,77196,0025800081,"DEC 07, 1958",BOS @ SYR,L,22,6,12.0,0.5,,,,2,4,0.5,,,6.0,1.0,,,,2.0,14,,0
53,21958,77196,0025800080,"DEC 06, 1958",BOS vs. SYR,L,27,7,13.0,,,,,1,2,0.5,,,8.0,,,,,2.0,15,,0
54,21958,77196,0025800074,"DEC 04, 1958",BOS vs. SYR,W,0,4,7.0,,,,,5,5,,,,3.0,1.0,,,,0.0,13,,0
55,21958,77196,0025800072,"DEC 03, 1958",BOS vs. STL,L,15,2,6.0,,,,,1,2,0.5,,,4.0,,,,,1.0,5,,0
56,21958,77196,0025800070,"DEC 02, 1958",BOS @ NYK,W,0,4,,,,,,1,2,0.5,,,,,,,,0.0,9,,0
57,21958,77196,0025800065,"NOV 29, 1958",BOS vs. DET,W,19,3,8.0,,,,,1,4,0.25,,,5.0,,,,,2.0,7,,0
58,21958,77196,0025800060,"NOV 27, 1958",BOS @ PHW,W,0,0,2.0,,,,,0,0,,,,0.0,0.0,,,,0.0,0,,0
59,21958,77196,0025800056,"NOV 26, 1958",BOS vs. NYK,W,16,4,8.0,,,,,2,2,,,,10.0,,,,,1.0,10,,0
60,21958,77196,0025800052,"NOV 24, 1958",BOS vs. MNL,W,0,0,,,,,,0,0,,,,,,,,,0.0,0,,0
61,21958,77196,0025800043,"NOV 21, 1958",BOS @ NYK,L,0,5,8.0,,,,,5,6,,,,4.0,0.0,,,,2.0,15,,0
62,21958,77196,0025800041,"NOV 19, 1958",BOS @ CIN,L,0,1,,,,,,0,1,0.0,,,,,,,,2.0,2,,0
63,21958,77196,0025800039,"NOV 18, 1958",BOS vs. DET,W,19,2,6.0,,,,,3,3,,,,2.0,,,,,1.0,7,,0
64,21958,77196,0025800034,"NOV 15, 1958",BOS vs. CIN,W,25,4,7.0,,,,,3,5,0.6,,,10.0,4.0,,,,2.0,11,,0
65,21958,77196,0025800028,"NOV 11, 1958",BOS vs. MNL,W,18,2,6.0,,,,,0,1,,,,3.0,,,,,1.0,4,,0
66,21958,77196,0025800025,"NOV 09, 1958",BOS @ DET,L,0,6,,,,,,4,5,0.8,,,,,,,,2.0,16,,0
67,21958,77196,0025800024,"NOV 08, 1958",BOS @ STL,L,0,5,14.0,,,,,1,1,,,,,,,,,0.0,11,,0
68,21958,77196,0025800018,"NOV 05, 1958",BOS @ SYR,W,29,6,11.0,,,,,1,1,,,,4.0,1.0,,,,2.0,13,,0
69,21958,77196,0025800014,"NOV 01, 1958",BOS vs. DET,W,20,2,7.0,,,,,2,2,,,,5.0,,,,,0.0,6,,0
70,21958,77196,0025800004,"OCT 25, 1958",BOS @ NYK,L,0,6,,,,,,8,8,1.0,,,,,,,,0.0,20,,0
0,21959,77196,0025900296,"MAR 09, 1960",BOS vs. NYK,W,20,4,8.0,,,,,4,4,,,,4.0,3.0,,,,1.0,12,,0
1,21959,77196,0025900291,"MAR 06, 1960",BOS vs. SYR,W,14,4,8.0,,,,,2,2,,,,4.0,1.0,,,,1.0,10,,0
2,21959,77196,0025900286,"MAR 03, 1960",BOS @ SYR,L,0,2,,,,,,1,2,,,,,,,,,2.0,5,,0
3,21959,77196,0025900282,"MAR 02, 1960",BOS vs. PHW,W,18,7,18.0,0.389,,,,1,2,0.5,,,10.0,0.0,,,,2.0,15,,0
4,21959,77196,0025900276,"FEB 28, 1960",BOS @ NYK,W,0,1,,,,,,0,1,,,,,,,,,2.0,2,,0
5,21959,77196,0025900272,"FEB 26, 1960",BOS vs. MNL,W,19,3,8.0,,,,,3,4,0.75,,,2.0,1.0,,,,0.0,9,,0
6,21959,77196,0025900269,"FEB 25, 1960",BOS vs. DET,W,18,1,10.0,,,,,2,3,,,,3.0,,,,,0.0,4,,0
7,21959,77196,0025900267,"FEB 24, 1960",BOS vs. MNL,W,0,7,12.0,,,,,0,0,,,,4.0,4.0,,,,1.0,14,,0
8,21959,77196,0025900264,"FEB 23, 1960",BOS @ PHW,L,5,0,2.0,0.0,,,,2,3,0.667,,,0.0,1.0,,,,0.0,2,,0
9,21959,77196,0025900259,"FEB 21, 1960",BOS @ CIN,W,0,3,,,,,,4,4,1.0,,,5.0,,,,,1.0,10,,0
10,21959,77196,0025900256,"FEB 20, 1960",BOS @ STL,L,0,2,11.0,0.182,,,,0,0,0.0,,,,,,,,1.0,4,,0
11,21959,77196,0025900251,"FEB 19, 1960",BOS @ DET,W,0,4,,,,,,1,1,1.0,,,,,,,,0.0,9,,0
12,21959,77196,0025900250,"FEB 18, 1960",BOS @ NYK,W,0,10,,,,,,3,5,0.6,,,,,,,,0.0,23,,0
13,21959,77196,0025900243,"FEB 16, 1960",BOS vs. MNL,W,0,3,,,,,,3,3,1.0,,,,,,,,2.0,9,,0
14,21959,77196,0025900241,"FEB 14, 1960",BOS @ PHW,W,0,5,12.0,0.417,,,,2,2,1.0,,,8.0,5.0,,,,0.0,12,,0
15,21959,77196,0025900237,"FEB 13, 1960",BOS vs. PHW,W,24,2,5.0,0.4,,,,1,1,1.0,,,7.0,1.0,,,,5.0,5,,0
16,21959,77196,0025900229,"FEB 10, 1960",BOS vs. DET,W,22,8,15.0,,,,,0,0,0.0,,,4.0,4.0,,,,0.0,16,,0
17,21959,77196,0025900228,"FEB 09, 1960",BOS vs. MNL,W,0,6,19.0,0.316,,,,1,3,0.333,,,11.0,,,,,1.0,13,,0
18,21959,77196,0025900221,"FEB 07, 1960",BOS vs. NYK,L,15,2,5.0,,,,,2,2,1.0,,,1.0,2.0,,,,1.0,6,,0
19,21959,77196,0025900219,"FEB 06, 1960",BOS @ NYK,W,0,1,,,,,,1,1,1.0,,,,,,,,0.0,3,,0
20,21959,77196,0025900216,"FEB 05, 1960",BOS vs. SYR,W,23,4,8.0,,,,,1,2,0.5,,,5.0,1.0,,,,2.0,9,,0
21,21959,77196,0025900212,"FEB 03, 1960",BOS vs. MNL,W,20,3,10.0,,,,,0,0,0.0,,,3.0,3.0,,,,1.0,6,,0
22,21959,77196,0025900208,"FEB 02, 1960",BOS @ STL,L,20,1,3.0,0.333,,,,0,0,0.0,,,4.0,,,,,1.0,2,,0
23,21959,77196,0025900204,"JAN 31, 1960",BOS vs. DET,W,17,4,10.0,,,,,3,3,1.0,,,3.0,3.0,,,,2.0,11,,0
24,21959,77196,0025900203,"JAN 30, 1960",BOS vs. CIN,W,26,4,14.0,,,,,3,3,1.0,,,9.0,,,,,3.0,11,,0
25,21959,77196,0025900198,"JAN 29, 1960",BOS @ PHW,L,0,0,3.0,0.0,,,,0,0,,,,3.0,0.0,,,,0.0,0,,0
26,21959,77196,0025900194,"JAN 27, 1960",BOS vs. STL,W,17,5,10.0,,,,,0,0,0.0,,,3.0,0.0,,,,0.0,10,,0
27,21959,77196,0025900188,"JAN 24, 1960",BOS @ SYR,W,0,5,,,,,,5,6,0.833,,,,,,,,4.0,15,,0
28,21959,77196,0025900183,"JAN 23, 1960",BOS vs. SYR,W,27,6,16.0,,,,,0,1,0.0,,,7.0,2.0,,,,1.0,12,,0
29,21959,77196,0025900180,"JAN 20, 1960",BOS vs. NYK,W,17,2,9.0,,,,,1,1,1.0,,,6.0,1.0,,,,0.0,5,,0
30,21959,77196,0025900175,"JAN 17, 1960",BOS vs. PHW,W,11,4,5.0,0.8,,,,0,0,,,,1.0,1.0,,,,0.0,8,,0
31,21959,77196,0025900172,"JAN 15, 1960",BOS @ PHW,W,0,2,7.0,0.286,,,,3,3,1.0,,,2.0,1.0,,,,3.0,7,,0
32,21959,77196,0025900167,"JAN 13, 1960",BOS vs. STL,W,35,10,22.0,,,,,4,6,0.667,,,10.0,2.0,,,,4.0,24,,0
33,21959,77196,0025900163,"JAN 12, 1960",BOS @ SYR,L,0,8,15.0,0.533,,,,4,5,0.8,,,4.0,2.0,,,,0.0,20,,0
34,21959,77196,0025900158,"JAN 10, 1960",BOS @ STL,L,0,6,14.0,0.429,,,,1,1,1.0,,,7.0,,,,,4.0,13,,0
35,21959,77196,0025900156,"JAN 09, 1960",BOS @ DET,W,0,5,,,,,,3,3,,,,,,,,,0.0,13,,0
36,21959,77196,0025900146,"JAN 05, 1960",BOS @ SYR,L,31,8,15.0,,,,,2,4,0.5,,,6.0,1.0,,,,2.0,18,,0
37,21959,77196,0025900145,"JAN 04, 1960",BOS vs. SYR,W,29,8,18.0,,,,,5,7,0.714,,,12.0,0.0,,,,1.0,21,,0
38,21959,77196,0025900142,"JAN 03, 1960",BOS @ SYR,L,0,4,,,,,,3,4,0.75,,,,,,,,3.0,11,,0
39,21959,77196,0025900140,"JAN 02, 1960",BOS @ PHW,L,0,9,22.0,0.409,,,,4,6,0.667,,,4.0,1.0,,,,2.0,22,,0
40,21959,77196,0025900136,"JAN 01, 1960",BOS @ CIN,L,0,3,,,,,,1,4,0.25,,,6.0,,,,,2.0,7,,0
41,21959,77196,0025900134,"DEC 30, 1959",BOS @ STL,W,0,2,9.0,0.222,,,,6,7,0.857,,,7.0,,,,,2.0,10,,0
42,21959,77196,0025900129,"DEC 28, 1959",BOS vs. MNL,W,18,4,11.0,0.364,,,,1,3,0.333,,,3.0,2.0,,,,0.0,9,,0
43,21959,77196,0025900126,"DEC 27, 1959",BOS @ CIN,W,0,3,,,,,,3,4,0.75,,,4.0,,,,,2.0,9,,0
44,21959,77196,0025900120,"DEC 25, 1959",BOS @ NYK,W,0,12,,,,,,3,5,0.6,,,,,,,,6.0,27,,0
45,21959,77196,0025900118,"DEC 22, 1959",BOS @ DET,W,0,5,,,,,,0,0,0.0,,,,,,,,1.0,10,,0
46,21959,77196,0025900114,"DEC 20, 1959",BOS @ SYR,W,13,4,6.0,,,,,0,0,0.0,,,0.0,2.0,,,,1.0,8,,0
47,21959,77196,0025900110,"DEC 19, 1959",BOS vs. NYK,W,21,10,12.0,,,,,2,2,1.0,,,4.0,0.0,,,,1.0,22,,0
48,21959,77196,0025900109,"DEC 17, 1959",BOS vs. NYK,W,18,5,8.0,,,,,0,0,0.0,,,,3.0,,,,2.0,10,,0
49,21959,77196,0025900099,"DEC 12, 1959",BOS @ PHW,W,0,6,10.0,0.6,,,,4,4,1.0,,,4.0,2.0,,,,0.0,16,,0
50,21959,77196,0025900098,"DEC 11, 1959",BOS vs. STL,W,19,2,7.0,,,,,0,0,0.0,,,2.0,,,,,3.0,4,,0
51,21959,77196,0025900093,"DEC 09, 1959",BOS vs. PHW,W,28,7,13.0,0.538,,,,2,3,0.667,,,9.0,2.0,,,,3.0,16,,0
52,21959,77196,0025900089,"DEC 08, 1959",BOS @ NYK,W,0,7,,,,,,2,2,1.0,,,,,,,,0.0,16,,0
53,21959,77196,0025900081,"DEC 04, 1959",BOS vs. NYK,W,18,6,7.0,,,,,1,1,1.0,,,9.0,,,,,0.0,13,,0
54,21959,77196,0025900078,"DEC 03, 1959",BOS vs. CIN,W,0,2,7.0,0.286,,,,0,0,,,,5.0,1.0,,,,0.0,4,,0
55,21959,77196,0025900073,"NOV 29, 1959",BOS @ MNL,W,0,2,8.0,,,,,3,4,0.75,,,,,,,,2.0,7,,0
56,21959,77196,0025900068,"NOV 28, 1959",BOS vs. DET,W,24,7,10.0,,,,,5,6,0.833,,,4.0,,,,,0.0,19,,0
57,21959,77196,0025900065,"NOV 26, 1959",BOS @ PHW,L,0,3,13.0,0.231,,,,3,4,0.75,,,10.0,2.0,,,,0.0,9,,0
58,21959,77196,0025900062,"NOV 25, 1959",BOS vs. PHW,L,28,8,17.0,0.471,,,,4,4,1.0,,,5.0,5.0,,,,1.0,20,,0
59,21959,77196,0025900053,"NOV 21, 1959",BOS @ NYK,W,0,6,,,,,,4,4,,,,,,,,,2.0,16,,0
60,21959,77196,0025900051,"NOV 20, 1959",BOS vs. SYR,W,20,6,9.0,,,,,2,5,0.4,,,6.0,,,,,0.0,14,,0
61,21959,77196,0025900047,"NOV 18, 1959",BOS @ SYR,L,33,10,20.0,,,,,8,13,,,,7.0,4.0,,,,1.0,28,,0
62,21959,77196,0025900043,"NOV 17, 1959",BOS @ DET,W,0,11,,,,,,6,6,,,,,,,,,0.0,28,,0
63,21959,77196,0025900040,"NOV 15, 1959",BOS @ CIN,W,0,0,,,,,,2,2,1.0,,,2.0,,,,,0.0,2,,0
64,21959,77196,0025900036,"NOV 14, 1959",BOS vs. STL,W,28,12,20.0,,,,,3,3,1.0,,,10.0,,,,,3.0,27,,0
65,21959,77196,0025900031,"NOV 11, 1959",BOS vs. CIN,W,0,2,,,,,,4,6,0.667,,,7.0,,,,,2.0,8,,0
66,21959,77196,0025900029,"NOV 10, 1959",BOS vs. DET,W,0,4,9.0,,,,,0,0,,,,0.0,,,,,0.0,8,,0
67,21959,77196,0025900025,"NOV 08, 1959",BOS @ MNL,L,0,6,12.0,,,,,10,11,0.909,,,,,,,,2.0,22,,0
68,21959,77196,0025900023,"NOV 07, 1959",BOS vs. PHW,W,0,7,13.0,0.538,,,,2,2,1.0,,,5.0,0.0,,,,2.0,16,,0
69,21959,77196,0025900016,"NOV 03, 1959",BOS @ STL,W,0,5,9.0,,,,,5,5,,,,6.0,,,,,3.0,15,,0
70,21959,77196,0025900014,"NOV 01, 1959",BOS @ CIN,W,0,3,,,,,,2,3,0.667,,,4.0,,,,,2.0,8,,0
71,21959,77196,0025900011,"OCT 31, 1959",BOS @ NYK,W,0,1,,,,,,1,1,1.0,,,,,,,,1.0,3,,0
72,21959,77196,0025900004,"OCT 24, 1959",BOS @ SYR,W,0,7,,,,,,2,6,0.333,,,,,,,,3.0,16,,0
73,21959,77196,0025900001,"OCT 17, 1959",BOS vs. CIN,W,21,4,8.0,,,,,2,4,0.5,,,4.0,,,,,1.0,10,,0
0,21960,77196,0026000314,"MAR 12, 1961",BOS @ SYR,W,0,16,,,,,,12,15,,,,,,,,,5.0,44,,0
1,21960,77196,0026000311,"MAR 11, 1961",BOS vs. SYR,W,27,9,17.0,,,,,2,2,1.0,,,12.0,1.0,,,,1.0,20,,0
2,21960,77196,0026000309,"MAR 09, 1961",BOS vs. DET,W,0,3,,,,,,2,3,0.667,,,,,,,,4.0,8,,0
3,21960,77196,0026000304,"MAR 08, 1961",BOS vs. SYR,W,19,2,6.0,,,,,3,4,0.75,,,,1.0,,,,0.0,7,,0
4,21960,77196,0026000302,"MAR 07, 1961",BOS vs. CIN,W,0,2,,,,,,0,0,,,,4.0,,,,,1.0,4,,0
5,21960,77196,0026000297,"MAR 05, 1961",BOS vs. PHW,W,24,8,11.0,0.727,,,,1,1,1.0,,,8.0,3.0,,,,0.0,17,,0
6,21960,77196,0026000295,"MAR 04, 1961",BOS vs. NYK,W,26,3,14.0,,,,,0,0,,,,3.0,1.0,,,,1.0,6,,0
7,21960,77196,0026000290,"MAR 01, 1961",BOS vs. STL,L,11,0,3.0,,,,,2,3,0.667,,,2.0,1.0,,,,0.0,2,,0
8,21960,77196,0026000284,"FEB 28, 1961",BOS @ NYK,W,0,7,,,,,,0,0,0.0,,,,,,,,1.0,14,,0
9,21960,77196,0026000282,"FEB 26, 1961",BOS @ DET,W,0,10,,,,,,1,3,0.333,,,,,,,,3.0,21,,0
10,21960,77196,0026000278,"FEB 25, 1961",BOS @ STL,W,18,6,11.0,0.545,,,,4,4,1.0,,,2.0,,,,,0.0,16,,0
11,21960,77196,0026000275,"FEB 24, 1961",BOS vs. SYR,W,31,11,25.0,,,,,3,3,1.0,,,,1.0,,,,2.0,25,,0
12,21960,77196,0026000272,"FEB 22, 1961",BOS @ LAL,L,0,5,11.0,,,,,0,0,0.0,,,2.0,,,,,3.0,10,,0
13,21960,77196,0026000264,"FEB 19, 1961",BOS @ SYR,W,0,3,,,,,,3,3,1.0,,,,,,,,3.0,9,,0
14,21960,77196,0026000258,"FEB 17, 1961",BOS @ PHW,W,0,7,14.0,0.5,,,,4,5,0.8,,,4.0,3.0,,,,4.0,18,,0
15,21960,77196,0026000255,"FEB 16, 1961",BOS @ PHW,L,0,2,8.0,0.25,,,,2,2,1.0,,,4.0,0.0,,,,1.0,6,,0
16,21960,77196,0026000251,"FEB 14, 1961",BOS vs. LAL,W,22,7,12.0,0.583,,,,3,4,0.75,,,4.0,,,,,2.0,17,,0
17,21960,77196,0026000245,"FEB 12, 1961",BOS vs. PHW,W,38,10,22.0,0.455,,,,5,6,0.833,,,0.0,7.0,,,,1.0,25,,0
18,21960,77196,0026000244,"FEB 11, 1961",BOS vs. NYK,L,32,4,19.0,0.211,,,,0,0,0.0,,,,2.0,,,,2.0,8,,0
19,21960,77196,0026000240,"FEB 10, 1961",BOS @ DET,L,0,12,,,,,,5,7,0.714,,,,,,,,3.0,29,,0
20,21960,77196,0026000235,"FEB 08, 1961",BOS @ SYR,L,32,9,20.0,0.45,,,,2,2,1.0,,,0.0,2.0,,,,0.0,20,,0
21,21960,77196,0026000233,"FEB 07, 1961",BOS vs. LAL,W,0,6,,,,,,3,5,0.6,,,,,,,,2.0,15,,0
22,21960,77196,0026000227,"FEB 05, 1961",BOS vs. STL,W,29,8,14.0,0.571,,,,1,1,1.0,,,,2.0,,,,1.0,17,,0
23,21960,77196,0026000223,"FEB 03, 1961",BOS vs. NYK,W,28,4,8.0,,,,,3,6,0.5,,,,6.0,,,,2.0,11,,0
24,21960,77196,0026000217,"FEB 01, 1961",BOS vs. NYK,W,27,7,17.0,,,,,3,3,1.0,,,5.0,,,,,1.0,17,,0
25,21960,77196,0026000215,"JAN 31, 1961",BOS @ STL,W,17,3,10.0,0.3,,,,1,1,1.0,,,7.0,,,,,0.0,7,,0
26,21960,77196,0026000212,"JAN 30, 1961",BOS @ CIN,L,0,4,14.0,0.286,,,,1,5,0.2,,,5.0,,,,,0.0,9,,0
27,21960,77196,0026000208,"JAN 29, 1961",BOS vs. PHW,W,24,2,8.0,0.25,,,,6,7,0.857,,,1.0,2.0,,,,2.0,10,,0
28,21960,77196,0026000205,"JAN 27, 1961",BOS vs. DET,W,18,13,18.0,,,,,2,6,0.333,,,,3.0,,,,2.0,28,,0
29,21960,77196,0026000202,"JAN 26, 1961",BOS @ PHW,W,0,11,17.0,0.647,,,,4,8,0.5,,,4.0,2.0,,,,3.0,26,,0
30,21960,77196,0026000196,"JAN 24, 1961",BOS @ NYK,W,0,8,,,,,,1,2,,,,,,,,,1.0,17,,0
31,21960,77196,0026000188,"JAN 21, 1961",BOS @ SYR,L,0,5,,,,,,2,4,0.5,,,,,,,,6.0,12,,0
32,21960,77196,0026000186,"JAN 19, 1961",BOS vs. LAL,W,0,2,12.0,0.167,,,,0,0,,,,1.0,3.0,,,,4.0,4,,0
33,21960,77196,0026000183,"JAN 18, 1961",BOS vs. STL,L,25,7,13.0,0.538,,,,4,5,0.8,,,6.0,0.0,,,,3.0,18,,0
34,21960,77196,0026000177,"JAN 15, 1961",BOS vs. NYK,W,24,5,10.0,,,,,6,6,1.0,,,1.0,3.0,,,,2.0,16,,0
35,21960,77196,0026000175,"JAN 14, 1961",BOS @ PHW,L,0,8,21.0,,,,,4,5,0.8,,,8.0,3.0,,,,2.0,20,,0
36,21960,77196,0026000172,"JAN 13, 1961",BOS vs. PHW,W,32,15,28.0,,,,,4,5,0.8,,,10.0,1.0,,,,2.0,34,,0
37,21960,77196,0026000169,"JAN 12, 1961",BOS vs. SYR,W,0,5,17.0,0.294,,,,2,3,0.667,,,10.0,6.0,,,,2.0,12,,0
38,21960,77196,0026000165,"JAN 10, 1961",BOS vs. DET,W,42,5,19.0,0.263,,,,5,7,0.714,,,11.0,,,,,4.0,15,,0
39,21960,77196,0026000162,"JAN 08, 1961",BOS @ STL,L,37,9,18.0,0.5,,,,6,7,0.857,,,5.0,,,,,4.0,24,,0
40,21960,77196,0026000158,"JAN 06, 1961",BOS @ DET,W,0,3,,,,,,2,2,1.0,,,,,,,,2.0,8,,0
41,21960,77196,0026000154,"JAN 05, 1961",BOS @ CIN,W,0,7,,,,,,3,5,0.6,,,6.0,,,,,2.0,17,,0
42,21960,77196,0026000151,"JAN 03, 1961",BOS @ LAL,W,0,3,,,,,,3,3,1.0,,,,,,,,3.0,9,,0
43,21960,77196,0026000145,"JAN 01, 1961",BOS @ SYR,W,0,7,,,,,,8,8,,,,,,,,,4.0,22,,0
44,21960,77196,0026000141,"DEC 30, 1960",BOS @ NYK,W,0,8,,,,,,3,3,1.0,,,,,,,,2.0,19,,0
45,21960,77196,0026000135,"DEC 28, 1960",BOS @ STL,L,31,5,13.0,0.385,,,,1,1,1.0,,,5.0,,,,,3.0,11,,0
46,21960,77196,0026000132,"DEC 27, 1960",BOS @ PHW,L,0,9,21.0,0.429,,,,2,3,0.667,,,6.0,3.0,,,,1.0,20,,0
47,21960,77196,0026000128,"DEC 26, 1960",BOS vs. PHW,W,31,9,20.0,0.45,,,,7,8,0.875,,,6.0,4.0,,,,0.0,25,,0
48,21960,77196,0026000124,"DEC 24, 1960",BOS vs. DET,W,31,7,15.0,0.467,,,,7,7,1.0,,,0.0,7.0,,,,0.0,21,,0
49,21960,77196,0026000123,"DEC 21, 1960",BOS vs. STL,W,42,12,,,,,,4,4,1.0,,,,,,,,0.0,28,,0
50,21960,77196,0026000119,"DEC 20, 1960",BOS vs. CIN,W,0,4,,,,,,0,0,0.0,,,4.0,,,,,5.0,8,,0
51,21960,77196,0026000114,"DEC 17, 1960",BOS vs. LAL,W,31,5,14.0,0.357,,,,0,0,0.0,,,,5.0,,,,2.0,10,,0
52,21960,77196,0026000110,"DEC 15, 1960",BOS vs. SYR,W,0,4,,,,,,6,7,0.857,,,,,,,,0.0,14,,0
53,21960,77196,0026000104,"DEC 13, 1960",BOS @ NYK,L,0,6,,,,,,4,7,0.571,,,,,,,,4.0,16,,0
54,21960,77196,0026000101,"DEC 10, 1960",BOS @ PHW,L,0,8,20.0,0.4,,,,5,6,0.833,,,10.0,1.0,,,,3.0,21,,0
55,21960,77196,0026000097,"DEC 09, 1960",BOS vs. CIN,W,26,8,14.0,,,,,0,0,0.0,,,2.0,4.0,,,,2.0,16,,0
56,21960,77196,0026000095,"DEC 08, 1960",BOS @ CIN,L,0,4,,,,,,4,5,0.8,,,11.0,,,,,1.0,12,,0
57,21960,77196,0026000092,"DEC 07, 1960",BOS vs. SYR,L,21,4,7.0,,,,,0,0,0.0,,,,0.0,,,,1.0,8,,0
58,21960,77196,0026000087,"DEC 04, 1960",BOS @ LAL,W,0,7,10.0,0.7,,,,2,2,1.0,,,2.0,,,,,2.0,16,,0
59,21960,77196,0026000083,"DEC 02, 1960",BOS vs. LAL,L,10,1,3.0,,,,,0,0,0.0,,,,0.0,,,,1.0,2,,0
60,21960,77196,0026000081,"DEC 01, 1960",BOS @ NYK,L,0,4,,,,,,5,5,1.0,,,,,,,,3.0,13,,0
61,21960,77196,0026000078,"NOV 30, 1960",BOS @ DET,W,0,7,,,,,,2,3,0.667,,,,,,,,2.0,16,,0
62,21960,77196,0026000074,"NOV 29, 1960",BOS @ STL,W,18,3,7.0,0.429,,,,5,6,0.833,,,1.0,,,,,0.0,11,,0
63,21960,77196,0026000068,"NOV 26, 1960",BOS vs. SYR,W,24,7,13.0,0.538,,,,2,2,1.0,,,6.0,5.0,,,,3.0,16,,0
64,21960,77196,0026000065,"NOV 25, 1960",BOS @ NYK,W,0,3,,,,,,0,0,0.0,,,,,,,,2.0,6,,0
65,21960,77196,0026000061,"NOV 24, 1960",BOS @ PHW,W,0,10,20.0,0.5,,,,5,5,1.0,,,10.0,4.0,,,,3.0,25,,0
66,21960,77196,0026000060,"NOV 23, 1960",BOS vs. NYK,W,25,5,10.0,,,,,2,4,,,,,5.0,,,,1.0,12,,0
67,21960,77196,0026000055,"NOV 20, 1960",BOS @ CIN,W,0,1,,,,,,0,0,0.0,,,2.0,,,,,1.0,2,,0
68,21960,77196,0026000053,"NOV 19, 1960",BOS @ SYR,W,0,8,,,,,,0,0,0.0,,,,,,,,2.0,16,,0
69,21960,77196,0026000044,"NOV 16, 1960",BOS vs. STL,W,2,0,0.0,,,,,0,0,0.0,,,,0.0,,,,0.0,0,,0
70,21960,77196,0026000042,"NOV 15, 1960",BOS @ DET,L,0,6,,,,,,0,1,0.0,,,,,,,,3.0,12,,0
71,21960,77196,0026000035,"NOV 12, 1960",BOS vs. LAL,W,0,11,,,,,,3,4,,,,,,,,,1.0,25,,0
72,21960,77196,0026000033,"NOV 11, 1960",BOS vs. CIN,W,0,3,,,,,,1,1,1.0,,,3.0,,,,,1.0,7,,0
73,21960,77196,0026000028,"NOV 08, 1960",BOS @ CIN,W,0,5,,,,,,1,3,0.333,,,0.0,,,,,2.0,11,,0
74,21960,77196,0026000025,"NOV 05, 1960",BOS vs. CIN,L,17,4,8.0,0.5,,,,0,0,0.0,,,2.0,0.0,,,,1.0,8,,0
75,21960,77196,0026000017,"OCT 29, 1960",BOS vs. PHW,L,25,8,13.0,0.615,,,,2,2,1.0,,,4.0,2.0,,,,1.0,18,,0
76,21960,77196,0026000014,"OCT 28, 1960",BOS @ NYK,W,0,7,,,,,,4,5,0.8,,,,,,,,0.0,18,,0
77,21960,77196,0026000005,"OCT 22, 1960",BOS vs. DET,W,35,6,20.0,,,,,4,4,,,,9.0,5.0,,,,2.0,16,,0
0,21961,77196,0026100357,"MAR 13, 1962",BOS vs. SYR,W,0,4,,,,,,4,5,0.8,,,,,,,,1.0,12,,0
1,21961,77196,0026100352,"MAR 11, 1962",BOS vs. LAL,W,34,9,18.0,,,,,2,2,,,,,2.0,,,,2.0,20,,0
2,21961,77196,0026100345,"MAR 09, 1962",BOS @ DET,W,0,4,,,,,,2,2,1.0,,,,,,,,1.0,10,,0
3,21961,77196,0026100343,"MAR 08, 1962",BOS @ CHP,W,0,7,,,,,,0,0,,,,,,,,,2.0,14,,0
4,21961,77196,0026100342,"MAR 07, 1962",BOS vs. PHW,W,24,9,16.0,,,,,5,7,,,,4.0,0.0,,,,4.0,23,,0
5,21961,77196,0026100339,"MAR 06, 1962",BOS @ NYK,L,0,8,,,,,,2,3,,,,,,,,,4.0,18,,0
6,21961,77196,0026100336,"MAR 04, 1962",BOS vs. STL,W,29,8,14.0,,,,,2,3,0.667,,,4.0,3.0,,,,3.0,18,,0
7,21961,77196,0026100330,"MAR 02, 1962",BOS @ STL,L,29,10,16.0,0.625,,,,1,2,0.5,,,5.0,,,,,3.0,21,,0
8,21961,77196,0026100325,"FEB 28, 1962",BOS @ CIN,W,0,6,11.0,,,,,3,3,,,,4.0,2.0,,,,3.0,15,,0
9,21961,77196,0026100324,"FEB 27, 1962",BOS vs. CHP,W,22,3,10.0,,,,,2,3,,,,3.0,,,,,0.0,8,,0
10,21961,77196,0026100318,"FEB 25, 1962",BOS @ SYR,W,0,1,,,,,,3,4,0.75,,,,,,,,1.0,5,,0
11,21961,77196,0026100312,"FEB 23, 1962",BOS vs. SYR,W,27,8,13.0,,,,,3,5,0.6,,,,2.0,,,,2.0,19,,0
12,21961,77196,0026100308,"FEB 22, 1962",BOS vs. SYR,W,0,9,,,,,,2,2,,,,,,,,,2.0,20,,0
13,21961,77196,0026100302,"FEB 20, 1962",BOS @ LAL,W,0,3,15.0,,,,,2,3,,,,4.0,,,,,4.0,8,,0
14,21961,77196,0026100298,"FEB 18, 1962",BOS @ LAL,L,0,3,5.0,,,,,1,2,,,,2.0,,,,,1.0,7,,0
15,21961,77196,0026100290,"FEB 16, 1962",BOS vs. NYK,W,0,4,,,,,,0,0,,,,,,,,,1.0,8,,0
16,21961,77196,0026100281,"FEB 13, 1962",BOS vs. CHP,W,0,5,,,,,,0,2,,,,,,,,,0.0,10,,0
17,21961,77196,0026100276,"FEB 11, 1962",BOS vs. CHP,W,8,2,5.0,,,,,0,0,0.0,,,0.0,0.0,,,,0.0,4,,0
18,21961,77196,0026100274,"FEB 10, 1962",BOS @ PHW,L,0,10,25.0,,,,,1,1,,,,6.0,4.0,,,,0.0,21,,0
19,21961,77196,0026100270,"FEB 09, 1962",BOS vs. PHW,L,35,10,20.0,,,,,3,3,,,,5.0,5.0,,,,3.0,23,,0
20,21961,77196,0026100268,"FEB 08, 1962",BOS @ SYR,L,0,7,,,,,,12,12,1.0,,,,,,,,3.0,26,,0
21,21961,77196,0026100264,"FEB 06, 1962",BOS @ STL,W,27,9,19.0,0.474,,,,6,6,1.0,,,7.0,,,,,2.0,24,,0
22,21961,77196,0026100261,"FEB 05, 1962",BOS @ CHP,W,0,11,,,,,,3,3,,,,,,,,,2.0,25,,0
23,21961,77196,0026100257,"FEB 04, 1962",BOS vs. NYK,W,31,10,19.0,,,,,0,2,0.0,,,,3.0,,,,3.0,20,,0
24,21961,77196,0026100248,"FEB 02, 1962",BOS vs. CIN,W,28,5,15.0,,,,,1,1,,,,6.0,1.0,,,,2.0,11,,0
25,21961,77196,0026100246,"FEB 01, 1962",BOS vs. LAL,W,0,11,,,,,,0,0,0.0,,,,,,,,0.0,22,,0
26,21961,77196,0026100244,"JAN 31, 1962",BOS @ CHP,W,0,5,,,,,,15,15,,,,,,,,,0.0,25,,0
27,21961,77196,0026100237,"JAN 28, 1962",BOS vs. PHW,L,46,9,20.0,,,,,7,8,,,,8.0,4.0,,,,5.0,25,,0
28,21961,77196,0026100234,"JAN 27, 1962",BOS @ PHW,L,0,8,20.0,,,,,2,2,1.0,,,6.0,3.0,,,,0.0,18,,0
29,21961,77196,0026100231,"JAN 26, 1962",BOS @ NYK,L,0,5,,,,,,5,5,,,,,,,,,,15,,0
30,21961,77196,0026100224,"JAN 24, 1962",BOS vs. STL,L,38,10,25.0,,,,,3,4,,,,8.0,4.0,,,,4.0,23,,0
31,21961,77196,0026100223,"JAN 23, 1962",BOS vs. LAL,W,0,7,,,,,,5,5,,,,,,,,,4.0,19,,0
32,21961,77196,0026100216,"JAN 21, 1962",BOS vs. DET,L,24,3,13.0,,,,,2,3,0.667,,,,3.0,,,,1.0,8,,0
33,21961,77196,0026100214,"JAN 20, 1962",BOS @ SYR,W,0,6,,,,,,6,6,1.0,,,,,,,,3.0,18,,0
34,21961,77196,0026100210,"JAN 19, 1962",BOS vs. SYR,W,18,5,12.0,,,,,1,1,1.0,,,,3.0,,,,1.0,11,,0
35,21961,77196,0026100204,"JAN 17, 1962",BOS @ DET,W,0,14,,,,,,5,8,0.625,,,,,,,,,33,,0
36,21961,77196,0026100198,"JAN 14, 1962",BOS vs. PHW,W,33,10,18.0,,,,,10,10,1.0,,,9.0,5.0,,,,2.0,30,,0
37,21961,77196,0026100195,"JAN 13, 1962",BOS @ SYR,L,0,7,,,,,,5,6,0.833,,,,,,,,0.0,19,,0
38,21961,77196,0026100192,"JAN 12, 1962",BOS vs. CIN,W,36,8,22.0,,,,,4,4,1.0,,,9.0,5.0,,,,5.0,20,,0
39,21961,77196,0026100189,"JAN 10, 1962",BOS @ CHP,L,0,5,,,,,,1,1,,,,,,,,,1.0,11,,0
40,21961,77196,0026100183,"JAN 07, 1962",BOS @ LAL,W,0,9,19.0,,,,,2,5,0.4,,,7.0,,,,,4.0,20,,0
41,21961,77196,0026100177,"JAN 05, 1962",BOS @ CIN,W,0,13,23.0,,,,,3,3,,,,3.0,8.0,,,,2.0,29,,0
42,21961,77196,0026100174,"JAN 03, 1962",BOS @ DET,L,0,8,,,,,,3,3,1.0,,,,,,,,2.0,19,,0
43,21961,77196,0026100171,"JAN 02, 1962",BOS vs. STL,W,20,7,13.0,,,,,3,3,1.0,,,5.0,,,,,0.0,17,,0
44,21961,77196,0026100163,"DEC 30, 1961",BOS @ PHW,W,0,14,25.0,,,,,8,12,0.667,,,10.0,3.0,,,,4.0,36,,0
45,21961,77196,0026100161,"DEC 29, 1961",BOS @ NYK,L,0,4,,,,,,1,2,0.5,,,,,,,,2.0,9,,0
46,21961,77196,0026100157,"DEC 28, 1961",BOS @ STL,W,40,10,23.0,,,,,6,6,1.0,,,6.0,4.0,,,,2.0,26,,0
47,21961,77196,0026100149,"DEC 26, 1961",BOS vs. LAL,W,35,9,18.0,,,,,5,5,,,,,4.0,,,,1.0,23,,0
48,21961,77196,0026100146,"DEC 25, 1961",BOS @ SYR,W,0,9,,,,,,5,8,0.625,,,,,,,,1.0,23,,0
49,21961,77196,0026100143,"DEC 23, 1961",BOS vs. NYK,W,38,12,22.0,,,,,2,3,0.667,,,5.0,1.0,,,,2.0,26,,0
50,21961,77196,0026100140,"DEC 21, 1961",BOS vs. NYK,W,0,2,,,,,,1,1,,,,,,,,,1.0,5,,0
51,21961,77196,0026100137,"DEC 19, 1961",BOS @ LAL,L,0,11,25.0,,,,,4,4,,,,5.0,,,,,3.0,26,,0
52,21961,77196,0026100133,"DEC 17, 1961",BOS @ NYK,W,0,12,18.0,,,,,6,6,1.0,,,,,,,,1.0,30,,0
53,21961,77196,0026100129,"DEC 16, 1961",BOS vs. STL,W,32,12,17.0,,,,,0,0,0.0,,,9.0,3.0,,,,0.0,24,,0
54,21961,77196,0026100124,"DEC 14, 1961",BOS vs. CHP,W,0,12,,,,,,0,0,0.0,,,,,,,,3.0,24,,0
55,21961,77196,0026100121,"DEC 13, 1961",BOS vs. PHW,W,46,15,29.0,,,,,5,7,0.714,,,14.0,3.0,,,,2.0,35,,0
56,21961,77196,0026100111,"DEC 09, 1961",BOS @ SYR,W,0,11,21.0,,,,,8,11,0.727,,,,,,,,2.0,30,,0
57,21961,77196,0026100107,"DEC 08, 1961",BOS vs. SYR,W,27,9,12.0,,,,,0,0,,,,,5.0,,,,3.0,18,,0
58,21961,77196,0026100103,"DEC 06, 1961",BOS vs. CIN,W,0,7,20.0,,,,,2,2,,,,3.0,,,,,3.0,16,,0
59,21961,77196,0026100096,"DEC 03, 1961",BOS @ CIN,W,0,8,21.0,,,,,2,3,0.667,,,8.0,,,,,1.0,18,,0
60,21961,77196,0026100089,"DEC 01, 1961",BOS vs. CHP,W,21,5,10.0,,,,,0,0,0.0,,,,3.0,,,,0.0,10,,0
61,21961,77196,0026100088,"NOV 30, 1961",BOS @ CIN,L,0,9,17.0,,,,,6,6,,,,5.0,,,,,3.0,24,,0
62,21961,77196,0026100086,"NOV 28, 1961",BOS vs. DET,W,0,3,,,,,,0,0,0.0,,,,,,,,3.0,6,,0
63,21961,77196,0026100082,"NOV 26, 1961",BOS @ DET,W,0,12,,,,,,4,5,,,,,,,,,5.0,28,,0
64,21961,77196,0026100080,"NOV 25, 1961",BOS vs. NYK,W,23,5,11.0,,,,,0,0,0.0,,,5.0,3.0,,,,0.0,10,,0
65,21961,77196,0026100072,"NOV 23, 1961",BOS @ PHW,W,0,11,22.0,,,,,2,4,,,,12.0,3.0,,,,2.0,24,,0
66,21961,77196,0026100069,"NOV 22, 1961",BOS vs. STL,W,22,8,12.0,0.667,,,,0,0,0.0,,,4.0,1.0,,,,3.0,16,,0
67,21961,77196,0026100063,"NOV 18, 1961",BOS vs. LAL,L,27,5,16.0,,,,,3,4,0.75,,,7.0,3.0,,,,2.0,13,,0
68,21961,77196,0026100059,"NOV 17, 1961",BOS @ NYK,W,0,7,,,,,,1,3,0.333,,,,,,,,0.0,15,,0
69,21961,77196,0026100057,"NOV 16, 1961",BOS @ CIN,W,0,9,20.0,,,,,3,4,0.75,,,4.0,2.0,,,,2.0,21,,0
70,21961,77196,0026100051,"NOV 14, 1961",BOS @ STL,W,31,7,14.0,0.5,,,,4,7,0.571,,,9.0,,,,,1.0,18,,0
71,21961,77196,0026100048,"NOV 12, 1961",BOS @ CHP,W,0,5,,,,,,3,3,1.0,,,,,,,,2.0,13,,0
72,21961,77196,0026100043,"NOV 11, 1961",BOS vs. PHW,W,0,4,15.0,,,,,8,11,0.727,,,7.0,1.0,,,,2.0,16,,0
73,21961,77196,0026100039,"NOV 09, 1961",BOS @ DET,L,0,6,,,,,,2,2,1.0,,,0.0,,,,,,14,,0
74,21961,77196,0026100033,"NOV 04, 1961",BOS vs. SYR,W,28,6,16.0,,,,,3,3,1.0,,,0.0,5.0,,,,0.0,15,,0
75,21961,77196,0026100028,"NOV 03, 1961",BOS @ PHW,W,0,11,19.0,,,,,3,3,,,,14.0,8.0,,,,0.0,25,,0
76,21961,77196,0026100019,"OCT 28, 1961",BOS vs. NYK,W,25,6,14.0,,,,,2,3,0.667,,,0.0,2.0,,,,0.0,14,,0
77,21961,77196,0026100007,"OCT 21, 1961",BOS vs. DET,W,26,5,15.0,,,,,2,3,0.667,,,0.0,2.0,,,,2.0,12,,0
0,21962,77196,0026200357,"MAR 17, 1963",BOS vs. SYR,W,20,6,12.0,,,,,4,6,,,,,3.0,,,,4.0,16,,0
1,21962,77196,0026200354,"MAR 16, 1963",BOS @ SYR,W,0,3,,,,,,10,11,,,,,,,,,2.0,16,,0
2,21962,77196,0026200348,"MAR 13, 1963",BOS vs. CHZ,W,24,4,10.0,,,,,2,2,,,,,2.0,,,,1.0,10,,0
3,21962,77196,0026200341,"MAR 10, 1963",BOS vs. CIN,W,24,8,13.0,,,,,2,2,,,,4.0,3.0,,,,3.0,18,,0
4,21962,77196,0026200337,"MAR 08, 1963",BOS @ CHZ,L,0,3,,,,,,4,5,,,,,,,,,3.0,10,,0
5,21962,77196,0026200334,"MAR 07, 1963",BOS @ DET,W,0,14,,,,,,3,7,,,,,,,,,3.0,31,,0
6,21962,77196,0026200326,"MAR 03, 1963",BOS @ NYK,W,26,7,14.0,,,,,3,4,,,,4.0,,,,,3.0,17,,0
7,21962,77196,0026200321,"MAR 02, 1963",BOS vs. NYK,W,35,8,16.0,,,,,5,5,,,,,5.0,,,,3.0,21,,0
8,21962,77196,0026200310,"FEB 26, 1963",BOS @ SFW,L,33,5,16.0,,,,,7,8,,,,4.0,4.0,,,,0.0,17,,0
9,21962,77196,0026200306,"FEB 24, 1963",BOS @ LAL,W,0,10,17.0,,,,,8,10,,,,2.0,,,,,2.0,28,,0
10,21962,77196,0026200299,"FEB 22, 1963",BOS @ LAL,L,0,8,18.0,,,,,8,8,,,,2.0,,,,,1.0,24,,0
11,21962,77196,0026200295,"FEB 21, 1963",BOS @ SFW,W,25,9,18.0,,,,,1,1,,,,5.0,4.0,,,,3.0,19,,0
12,21962,77196,0026200293,"FEB 20, 1963",BOS @ DET,W,0,0,,,,,,0,0,,,,,,,,,0.0,0,,0
13,21962,77196,0026200289,"FEB 19, 1963",BOS vs. CIN,W,31,11,22.0,,,,,3,3,,,,9.0,3.0,,,,3.0,25,,0
14,21962,77196,0026200287,"FEB 17, 1963",BOS @ CHZ,W,0,13,,,,,,2,3,,,,,,,,,4.0,28,,0
15,21962,77196,0026200285,"FEB 16, 1963",BOS @ STL,W,33,13,19.0,,,,,8,8,,,,4.0,3.0,,,,1.0,34,,0
16,21962,77196,0026200281,"FEB 15, 1963",BOS vs. SYR,W,34,5,19.0,,,,,4,4,,,,3.0,,,,,2.0,14,,0
17,21962,77196,0026200274,"FEB 13, 1963",BOS vs. LAL,L,33,7,17.0,,,,,0,0,,,,9.0,7.0,,,,1.0,14,,0
18,21962,77196,0026200272,"FEB 12, 1963",BOS vs. LAL,W,0,11,20.0,,,,,3,4,,,,6.0,,,,,2.0,25,,0
19,21962,77196,0026200266,"FEB 10, 1963",BOS vs. NYK,W,27,8,11.0,,,,,5,5,,,,,4.0,,,,4.0,21,,0
20,21962,77196,0026200264,"FEB 09, 1963",BOS vs. SFW,W,29,9,15.0,,,,,4,5,,,,7.0,1.0,,,,2.0,22,,0
21,21962,77196,0026200261,"FEB 08, 1963",BOS @ NYK,W,0,5,,,,,,4,4,,,,,,,,,2.0,14,,0
22,21962,77196,0026200256,"FEB 06, 1963",BOS @ SYR,L,0,8,,,,,,6,8,,,,,,,,,4.0,22,,0
23,21962,77196,0026200254,"FEB 05, 1963",BOS @ CIN,W,0,11,20.0,,,,,5,6,,,,4.0,,,,,3.0,27,,0
24,21962,77196,0026200247,"FEB 03, 1963",BOS vs. DET,W,39,15,28.0,0.536,,,,5,5,1.0,,,,3.0,,,,2.0,35,,0
25,21962,77196,0026200243,"FEB 01, 1963",BOS vs. SYR,L,19,3,12.0,,,,,3,3,1.0,,,4.0,,,,,0.0,9,,0
26,21962,77196,0026200237,"JAN 31, 1963",BOS vs. CIN,W,0,9,23.0,,,,,4,5,0.8,,,1.0,,,,,5.0,22,,0
27,21962,77196,0026200236,"JAN 30, 1963",BOS vs. SFW,W,40,9,19.0,,,,,3,3,,,,6.0,4.0,,,,3.0,21,,0
28,21962,77196,0026200234,"JAN 29, 1963",BOS vs. CHZ,W,0,10,,,,,,3,4,,,,,,,,,3.0,23,,0
29,21962,77196,0026200230,"JAN 27, 1963",BOS vs. NYK,W,24,7,11.0,,,,,2,3,,,,,7.0,,,,3.0,16,,0
30,21962,77196,0026200225,"JAN 25, 1963",BOS vs. STL,W,28,8,14.0,,,,,5,5,,,,7.0,3.0,,,,1.0,21,,0
31,21962,77196,0026200221,"JAN 24, 1963",BOS vs. STL,W,44,0,32.0,,,,,1,2,,,,7.0,5.0,,,,0.0,1,,0
32,21962,77196,0026200217,"JAN 23, 1963",BOS @ CIN,L,0,7,19.0,,,,,3,6,,,,7.0,,,,,3.0,17,,0
33,21962,77196,0026200215,"JAN 22, 1963",BOS @ NYK,W,0,5,,,,,,0,0,,,,,,,,,2.0,10,,0
34,21962,77196,0026200210,"JAN 20, 1963",BOS vs. LAL,W,33,14,28.0,,,,,1,1,,,,10.0,3.0,,,,0.0,29,,0
35,21962,77196,0026200207,"JAN 19, 1963",BOS @ SYR,L,0,13,,,,,,11,14,,,,,,,,,3.0,37,,0
36,21962,77196,0026200205,"JAN 18, 1963",BOS vs. CIN,W,30,5,17.0,,,,,3,4,,,,2.0,6.0,,,,2.0,13,,0
37,21962,77196,0026200204,"JAN 17, 1963",BOS vs. CHZ,W,0,7,,,,,,1,1,,,,,,,,,2.0,15,,0
38,21962,77196,0026200201,"JAN 13, 1963",BOS vs. CHZ,W,12,5,8.0,,,,,2,2,,,,7.0,0.0,,,,0.0,12,,0
39,21962,77196,0026200192,"JAN 11, 1963",BOS vs. SYR,W,38,9,20.0,,,,,5,5,,,,,6.0,,,,1.0,23,,0
40,21962,77196,0026200190,"JAN 10, 1963",BOS @ CIN,L,0,9,20.0,,,,,3,3,,,,4.0,,,,,5.0,21,,0
41,21962,77196,0026200186,"JAN 09, 1963",BOS @ CHZ,L,0,4,,,,,,0,5,,,,,,,,,0.0,8,,0
42,21962,77196,0026200183,"JAN 08, 1963",BOS @ SFW,W,34,6,17.0,,,,,2,3,,,,5.0,4.0,,,,2.0,14,,0
43,21962,77196,0026200176,"JAN 05, 1963",BOS @ LAL,L,0,5,20.0,,,,,5,10,,,,8.0,,,,,6.0,15,,0
44,21962,77196,0026200171,"JAN 04, 1963",BOS @ LAL,L,0,13,25.0,,,,,2,2,,,,7.0,,,,,3.0,28,,0
45,21962,77196,0026200166,"JAN 02, 1963",BOS @ SFW,W,39,13,25.0,,,,,6,9,,,,7.0,1.0,,,,0.0,32,,0
46,21962,77196,0026200162,"DEC 29, 1962",BOS @ STL,L,0,7,,,,,,7,7,,,,,,,,,1.0,21,,0
47,21962,77196,0026200158,"DEC 28, 1962",BOS @ CIN,W,0,8,13.0,,,,,5,7,,,,5.0,,,,,5.0,21,,0
48,21962,77196,0026200155,"DEC 27, 1962",BOS vs. SFW,W,33,13,18.0,,,,,6,6,,,,7.0,1.0,,,,1.0,32,,0
49,21962,77196,0026200153,"DEC 26, 1962",BOS vs. SFW,W,34,10,19.0,,,,,0,2,,,,5.0,4.0,,,,3.0,20,,0
50,21962,77196,0026200148,"DEC 22, 1962",BOS vs. NYK,L,37,10,24.0,,,,,4,5,,,,8.0,,,,,0.0,24,,0
51,21962,77196,0026200129,"DEC 15, 1962",BOS vs. CIN,L,34,4,18.0,,,,,1,1,,,,1.0,,,,,2.0,9,,0
52,21962,77196,0026200127,"DEC 13, 1962",BOS vs. DET,W,0,4,,,,,,1,1,,,,,,,,,1.0,9,,0
53,21962,77196,0026200125,"DEC 12, 1962",BOS vs. STL,W,44,12,21.0,0.571,,,,3,3,1.0,,,11.0,2.0,,,,4.0,27,,0
54,21962,77196,0026200121,"DEC 11, 1962",BOS @ NYK,L,0,5,,,,,,4,5,,,,,,,,,2.0,14,,0
55,21962,77196,0026200113,"DEC 08, 1962",BOS @ SYR,L,0,5,,,,,,1,4,,,,,,,,,0.0,11,,0
56,21962,77196,0026200110,"DEC 07, 1962",BOS vs. LAL,W,36,2,18.0,,,,,0,4,,,,6.0,4.0,,,,2.0,4,,0
57,21962,77196,0026200105,"DEC 05, 1962",BOS @ DET,W,0,9,,,,,,2,5,0.4,,,,,,,,2.0,20,,0
58,21962,77196,0026200099,"DEC 02, 1962",BOS @ CIN,W,0,12,22.0,,,,,3,4,0.75,,,3.0,,,,,2.0,27,,0
59,21962,77196,0026200097,"DEC 01, 1962",BOS vs. SYR,W,27,10,19.0,,,,,2,2,,,,3.0,,,,,2.0,22,,0
60,21962,77196,0026200087,"NOV 27, 1962",BOS vs. DET,W,0,7,,,,,,4,5,0.8,,,,,,,,4.0,18,,0
61,21962,77196,0026200067,"NOV 20, 1962",BOS vs. CHZ,W,0,2,,,,,,0,0,,,,,,,,,0.0,4,,0
62,21962,77196,0026200062,"NOV 17, 1962",BOS vs. SFW,W,35,12,26.0,,,,,1,2,0.5,,,2.0,5.0,,,,2.0,25,,0
63,21962,77196,0026200059,"NOV 16, 1962",BOS @ SYR,L,0,6,,,,,,6,8,0.75,,,,,,,,3.0,18,,0
64,21962,77196,0026200051,"NOV 13, 1962",BOS @ NYK,W,0,9,,,,,,1,1,,,,,,,,,5.0,19,,0
65,21962,77196,0026200049,"NOV 12, 1962",BOS vs. CIN,W,27,7,15.0,,,,,5,6,0.833,,,2.0,4.0,,,,2.0,19,,0
66,21962,77196,0026200048,"NOV 11, 1962",BOS vs. NYK,W,0,2,,,,,,2,2,,,,,,,,,3.0,6,,0
67,21962,77196,0026200040,"NOV 09, 1962",BOS vs. LAL,L,36,11,22.0,,,,,1,1,,,,,8.0,,,,1.0,23,,0
68,21962,77196,0026200037,"NOV 07, 1962",BOS @ CIN,W,0,9,20.0,,,,,5,6,0.833,,,6.0,,,,,2.0,23,,0
69,21962,77196,0026200031,"NOV 03, 1962",BOS vs. DET,W,22,8,11.0,,,,,0,1,0.0,,,,4.0,,,,0.0,16,,0
70,21962,77196,0026200029,"NOV 02, 1962",BOS @ CHZ,W,0,9,,,,,,0,0,,,,,,,,,3.0,18,,0
71,21962,77196,0026200026,"OCT 31, 1962",BOS @ DET,W,0,10,,,,,,3,4,,,,,,,,,4.0,23,,0
72,21962,77196,0026200024,"OCT 30, 1962",BOS @ STL,L,33,10,19.0,,,,,3,4,0.75,,,4.0,,,,,3.0,23,,0
73,21962,77196,0026200021,"OCT 27, 1962",BOS vs. SYR,W,0,6,,,,,,5,7,0.714,,,,,,,,0.0,17,,0
74,21962,77196,0026200016,"OCT 26, 1962",BOS @ NYK,W,0,8,,,,,,6,6,,,,,,,,,2.0,22,,0
75,21962,77196,0026200004,"OCT 20, 1962",BOS vs. NYK,W,24,12,13.0,,,,,1,2,0.5,,,,4.0,,,,1.0,25,,0
0,21963,77196,0026300359,"MAR 18, 1964",BOS @ BLT,L,0,7,,,,,,4,4,1.0,,,,,,,,2.0,18,,0
1,21963,77196,0026300355,"MAR 17, 1964",BOS vs. NYK,W,29,12,19.0,,,,,2,2,1.0,,,7.0,0.0,,,,0.0,26,,0
2,21963,77196,0026300351,"MAR 15, 1964",BOS vs. BLT,W,29,8,19.0,,,,,1,1,1.0,,,6.0,1.0,,,,0.0,17,,0
3,21963,77196,0026300341,"MAR 12, 1964",BOS vs. DET,W,26,8,12.0,,,,,1,1,1.0,,,4.0,6.0,,,,1.0,17,,0
4,21963,77196,0026300332,"MAR 08, 1964",BOS vs. DET,W,32,11,18.0,,,,,0,2,0.0,,,5.0,2.0,,,,1.0,22,,0
5,21963,77196,0026300331,"MAR 07, 1964",BOS @ DET,W,32,10,18.0,,,,,2,3,0.667,,,5.0,3.0,,,,2.0,22,,0
6,21963,77196,0026300327,"MAR 05, 1964",BOS @ CIN,L,31,6,16.0,,,,,4,4,1.0,,,3.0,2.0,,,,3.0,16,,0
7,21963,77196,0026300322,"MAR 04, 1964",BOS vs. CIN,W,36,8,18.0,,,,,4,4,1.0,,,8.0,3.0,,,,2.0,20,,0
8,21963,77196,0026300321,"MAR 03, 1964",BOS vs. PHL,W,0,8,,,,,,3,4,0.75,,,,,,,,4.0,19,,0
9,21963,77196,0026300316,"MAR 01, 1964",BOS vs. PHL,W,38,8,,,,,,4,8,0.5,,,5.0,4.0,,,,2.0,20,,0
10,21963,77196,0026300314,"FEB 29, 1964",BOS vs. DET,W,0,16,,,,,,3,4,0.75,,,,,,,,4.0,35,,0
11,21963,77196,0026300310,"FEB 28, 1964",BOS vs. SFW,W,27,7,11.0,,,,,1,2,0.5,,,6.0,2.0,,,,3.0,15,,0
12,21963,77196,0026300305,"FEB 26, 1964",BOS @ BLT,W,0,5,,,,,,2,3,0.667,,,,,,,,4.0,12,,0
13,21963,77196,0026300302,"FEB 25, 1964",BOS @ NYK,W,0,7,,,,,,4,6,0.667,,,,,,,,,18,,0
14,21963,77196,0026300299,"FEB 24, 1964",BOS @ DET,L,0,7,,,,,,6,7,0.857,,,,,,,,0.0,20,,0
15,21963,77196,0026300295,"FEB 22, 1964",BOS @ STL,L,33,4,9.0,,,,,2,3,0.667,,,3.0,2.0,,,,6.0,10,,0
16,21963,77196,0026300290,"FEB 21, 1964",BOS @ PHL,L,0,3,12.0,,,,,1,1,1.0,,,4.0,1.0,,,,2.0,7,,0
17,21963,77196,0026300288,"FEB 20, 1964",BOS vs. BLT,W,33,12,19.0,,,,,1,1,1.0,,,3.0,1.0,,,,2.0,25,,0
18,21963,77196,0026300283,"FEB 18, 1964",BOS @ PHL,W,0,6,12.0,,,,,0,0,0.0,,,2.0,,,,,3.0,12,,0
19,21963,77196,0026300278,"FEB 16, 1964",BOS @ LAL,W,0,5,15.0,,,,,4,5,0.8,,,6.0,4.0,,,,4.0,14,,0
20,21963,77196,0026300275,"FEB 15, 1964",BOS @ SFW,W,28,4,15.0,0.267,,,,2,3,0.667,,,5.0,3.0,,,,3.0,10,,0
21,21963,77196,0026300269,"FEB 13, 1964",BOS @ SFW,L,44,9,28.0,,,,,1,3,0.333,,,10.0,3.0,,,,4.0,19,,0
22,21963,77196,0026300268,"FEB 12, 1964",BOS @ LAL,W,0,5,17.0,,,,,5,5,1.0,,,10.0,,,,,3.0,15,,0
23,21963,77196,0026300264,"FEB 11, 1964",BOS vs. LAL,L,32,8,19.0,,,,,2,3,0.667,,,2.0,2.0,,,,4.0,18,,0
24,21963,77196,0026300261,"FEB 09, 1964",BOS vs. PHL,W,39,12,19.0,,,,,3,6,0.5,,,2.0,3.0,,,,4.0,27,,0
25,21963,77196,0026300255,"FEB 08, 1964",BOS @ NYK,W,0,15,,,,,,5,5,1.0,,,,,,,,1.0,35,,0
26,21963,77196,0026300253,"FEB 07, 1964",BOS vs. NYK,W,28,11,19.0,,,,,4,8,0.5,,,4.0,3.0,,,,3.0,26,,0
27,21963,77196,0026300251,"FEB 06, 1964",BOS @ BLT,W,0,8,,,,,,3,5,0.6,,,,,,,,2.0,19,,0
28,21963,77196,0026300244,"FEB 04, 1964",BOS vs. STL,W,23,7,13.0,,,,,3,3,1.0,,,3.0,,,,,0.0,17,,0
29,21963,77196,0026300241,"FEB 02, 1964",BOS vs. CIN,L,30,4,16.0,,,,,6,8,0.75,,,6.0,3.0,,,,2.0,14,,0
30,21963,77196,0026300237,"FEB 01, 1964",BOS @ PHL,W,0,5,11.0,,,,,3,3,1.0,,,3.0,2.0,,,,4.0,13,,0
31,21963,77196,0026300235,"JAN 31, 1964",BOS vs. PHL,W,21,3,12.0,,,,,0,1,0.0,,,6.0,1.0,,,,1.0,6,,0
32,21963,77196,0026300230,"JAN 29, 1964",BOS vs. SFW,L,36,9,24.0,,,,,7,8,0.875,,,4.0,3.0,,,,2.0,25,,0
33,21963,77196,0026300225,"JAN 28, 1964",BOS @ NYK,L,0,13,,,,,,6,6,1.0,,,,,,,,3.0,32,,0
34,21963,77196,0026300223,"JAN 26, 1964",BOS vs. NYK,W,32,8,18.0,,,,,3,4,0.75,,,5.0,2.0,,,,0.0,19,,0
35,21963,77196,0026300216,"JAN 24, 1964",BOS vs. STL,W,25,7,14.0,,,,,0,1,0.0,,,3.0,1.0,,,,1.0,14,,0
36,21963,77196,0026300212,"JAN 23, 1964",BOS vs. STL,W,29,5,17.0,,,,,5,8,0.625,,,1.0,,,,,3.0,15,,0
37,21963,77196,0026300210,"JAN 22, 1964",BOS @ CIN,L,0,5,14.0,,,,,1,1,1.0,,,3.0,,,,,4.0,11,,0
38,21963,77196,0026300206,"JAN 21, 1964",BOS @ STL,L,40,9,23.0,,,,,2,4,0.5,,,7.0,3.0,,,,3.0,20,,0
39,21963,77196,0026300202,"JAN 19, 1964",BOS vs. SFW,W,34,10,13.0,,,,,2,2,1.0,,,0.0,2.0,,,,1.0,22,,0
40,21963,77196,0026300197,"JAN 18, 1964",BOS @ DET,W,0,12,,,,,,0,0,0.0,,,,,,,,,24,,0
41,21963,77196,0026300195,"JAN 17, 1964",BOS vs. LAL,W,37,7,19.0,,,,,0,3,0.0,,,7.0,2.0,,,,2.0,14,,0
42,21963,77196,0026300189,"JAN 15, 1964",BOS @ BLT,W,0,5,,,,,,2,2,1.0,,,,,,,,2.0,12,,0
43,21963,77196,0026300185,"JAN 12, 1964",BOS vs. PHL,W,34,8,18.0,,,,,5,5,1.0,,,5.0,3.0,,,,4.0,21,,0
44,21963,77196,0026300181,"JAN 11, 1964",BOS @ PHL,L,0,0,2.0,0.0,,,,0,0,,,,0.0,0.0,,,,0.0,0,,0
45,21963,77196,0026300179,"JAN 10, 1964",BOS vs. CIN,W,45,12,28.0,,,,,4,6,0.667,,,5.0,1.0,,,,3.0,28,,0
46,21963,77196,0026300172,"JAN 07, 1964",BOS @ SFW,L,30,10,16.0,,,,,3,4,0.75,,,3.0,0.0,,,,4.0,23,,0
47,21963,77196,0026300169,"JAN 05, 1964",BOS @ LAL,L,0,4,16.0,,,,,3,3,1.0,,,7.0,,,,,2.0,11,,0
48,21963,77196,0026300163,"JAN 04, 1964",BOS @ LAL,L,0,10,22.0,,,,,5,7,0.714,,,6.0,,,,,4.0,25,,0
49,21963,77196,0026300162,"JAN 03, 1964",BOS @ SFW,W,42,9,19.0,0.474,,,,7,8,0.875,,,2.0,6.0,,,,5.0,25,,0
50,21963,77196,0026300150,"DEC 28, 1963",BOS @ STL,W,36,7,21.0,,,,,8,9,0.889,,,6.0,6.0,,,,5.0,22,,0
51,21963,77196,0026300148,"DEC 27, 1963",BOS @ CIN,L,0,9,17.0,,,,,2,3,0.667,,,5.0,,,,,1.0,20,,0
52,21963,77196,0026300144,"DEC 26, 1963",BOS vs. LAL,W,26,8,16.0,,,,,2,2,1.0,,,5.0,4.0,,,,2.0,18,,0
53,21963,77196,0026300135,"DEC 21, 1963",BOS @ NYK,L,0,10,,,,,,2,2,1.0,,,,,,,,3.0,22,,0
54,21963,77196,0026300132,"DEC 19, 1963",BOS vs. NYK,W,32,14,22.0,,,,,8,13,0.615,,,2.0,0.0,,,,4.0,36,,0
55,21963,77196,0026300128,"DEC 18, 1963",BOS vs. NYK,W,28,9,17.0,,,,,5,8,0.625,,,4.0,4.0,,,,1.0,23,,0
56,21963,77196,0026300125,"DEC 17, 1963",BOS vs. BLT,W,0,6,,,,,,4,4,1.0,,,,,,,,,16,,0
57,21963,77196,0026300121,"DEC 14, 1963",BOS vs. CIN,L,22,3,16.0,,,,,4,4,1.0,,,3.0,0.0,,,,1.0,10,,0
58,21963,77196,0026300100,"DEC 06, 1963",BOS vs. CIN,W,45,12,23.0,,,,,6,8,0.75,,,7.0,3.0,,,,2.0,30,,0
59,21963,77196,0026300097,"DEC 05, 1963",BOS @ CIN,L,39,8,21.0,,,,,5,5,1.0,,,6.0,,,,,5.0,21,,0
60,21963,77196,0026300090,"NOV 30, 1963",BOS vs. SFW,W,31,11,14.0,,,,,5,6,0.833,,,3.0,6.0,,,,2.0,27,,0
61,21963,77196,0026300086,"NOV 29, 1963",BOS vs. PHL,W,27,5,16.0,,,,,1,1,1.0,,,3.0,,,,,3.0,11,,0
62,21963,77196,0026300080,"NOV 27, 1963",BOS vs. LAL,W,23,7,15.0,,,,,6,6,1.0,,,6.0,,,,,3.0,20,,0
63,21963,77196,0026300066,"NOV 19, 1963",BOS @ NYK,W,0,9,,,,,,1,1,1.0,,,,,,,,3.0,19,,0
64,21963,77196,0026300056,"NOV 15, 1963",BOS vs. NYK,W,42,10,23.0,,,,,3,3,1.0,,,4.0,7.0,,,,2.0,23,,0
65,21963,77196,0026300051,"NOV 13, 1963",BOS vs. LAL,W,28,6,18.0,,,,,4,4,1.0,,,5.0,,,,,4.0,16,,0
66,21963,77196,0026300048,"NOV 11, 1963",BOS vs. STL,W,31,7,13.0,,,,,4,4,1.0,,,6.0,1.0,,,,2.0,18,,0
67,21963,77196,0026300045,"NOV 09, 1963",BOS @ STL,W,35,14,23.0,,,,,6,7,0.857,,,7.0,3.0,,,,5.0,34,,0
68,21963,77196,0026300040,"NOV 08, 1963",BOS @ CIN,L,0,7,14.0,,,,,9,9,1.0,,,5.0,,,,,3.0,23,,0
69,21963,77196,0026300035,"NOV 06, 1963",BOS vs. CIN,W,28,12,19.0,,,,,4,6,0.667,,,2.0,1.0,,,,1.0,28,,0
70,21963,77196,0026300030,"NOV 02, 1963",BOS vs. DET,W,6,1,3.0,,,,,2,2,1.0,,,0.0,0.0,,,,0.0,4,,0
71,21963,77196,0026300029,"NOV 01, 1963",BOS @ PHL,W,27,12,27.0,,,,,4,5,0.8,,,11.0,5.0,,,,3.0,28,,0
72,21963,77196,0026300027,"OCT 30, 1963",BOS @ DET,W,0,6,,,,,,4,4,1.0,,,,,,,,1.0,16,,0
73,21963,77196,0026300017,"OCT 26, 1963",BOS vs. BLT,W,21,9,13.0,,,,,1,2,0.5,,,4.0,6.0,,,,5.0,19,,0
74,21963,77196,0026300005,"OCT 17, 1963",BOS @ CIN,W,41,9,30.0,,,,,6,10,0.6,,,6.0,6.0,,,,4.0,24,,0
75,21963,77196,0026300002,"OCT 16, 1963",BOS @ BLT,W,0,9,,,,,,2,3,0.667,,,,,,,,0.0,20,,0
0,21964,77196,0026400360,"MAR 21, 1965",BOS vs. CIN,W,30,6,14.0,,,,,7,7,1.0,,,7.0,3.0,,,,2.0,19,,0
1,21964,77196,0026400350,"MAR 17, 1965",BOS @ NYK,L,0,10,,,,,,8,9,0.889,,,,,,,,,28,,0
2,21964,77196,0026400346,"MAR 14, 1965",BOS vs. SFW,W,33,9,19.0,,,,,6,7,0.857,,,5.0,2.0,,,,2.0,24,,0
3,21964,77196,0026400338,"MAR 12, 1965",BOS @ CIN,L,0,12,20.0,,,,,8,9,0.889,,,4.0,,,,,3.0,32,,0
4,21964,77196,0026400336,"MAR 11, 1965",BOS vs. DET,W,39,6,14.0,,,,,5,8,0.625,,,1.0,4.0,,,,2.0,17,,0
5,21964,77196,0026400334,"MAR 10, 1965",BOS @ DET,W,0,11,,,,,,6,8,0.75,,,,,,,,,28,,0
6,21964,77196,0026400325,"MAR 07, 1965",BOS vs. PHL,W,30,12,22.0,,,,,3,3,1.0,,,1.0,4.0,,,,4.0,27,,0
7,21964,77196,0026400322,"MAR 06, 1965",BOS @ PHL,L,0,9,26.0,,,,,3,4,0.75,,,6.0,2.0,,,,3.0,21,,0
8,21964,77196,0026400318,"MAR 05, 1965",BOS @ BLT,L,0,14,,,,,,10,10,1.0,,,,,,,,,38,,0
9,21964,77196,0026400316,"MAR 03, 1965",BOS vs. LAL,L,34,13,21.0,,,,,2,5,0.4,,,7.0,1.0,,,,3.0,28,,0
10,21964,77196,0026400308,"FEB 28, 1965",BOS @ STL,W,33,9,19.0,,,,,1,2,0.5,,,7.0,2.0,,,,0.0,19,,0
11,21964,77196,0026400301,"FEB 26, 1965",BOS @ SFW,W,30,11,23.0,,,,,4,4,1.0,,,3.0,4.0,,,,2.0,26,,0
12,21964,77196,0026400300,"FEB 24, 1965",BOS @ LAL,W,0,10,21.0,,,,,7,9,0.778,,,3.0,4.0,,,,4.0,27,,0
13,21964,77196,0026400289,"FEB 21, 1965",BOS @ LAL,L,0,11,21.0,,,,,7,10,0.7,,,6.0,2.0,,,,2.0,29,,0
14,21964,77196,0026400286,"FEB 20, 1965",BOS @ SFW,W,26,10,22.0,,,,,2,3,0.667,,,6.0,4.0,,,,4.0,22,,0
15,21964,77196,0026400283,"FEB 18, 1965",BOS vs. STL,W,0,12,21.0,,,,,3,3,1.0,,,3.0,2.0,,,,4.0,27,,0
16,21964,77196,0026400279,"FEB 17, 1965",BOS vs. STL,W,41,12,18.0,,,,,8,9,0.889,,,2.0,4.0,,,,1.0,32,,0
17,21964,77196,0026400274,"FEB 14, 1965",BOS vs. BLT,W,48,13,28.0,,,,,9,13,0.692,,,5.0,8.0,,,,1.0,35,,0
18,21964,77196,0026400271,"FEB 13, 1965",BOS @ NYK,L,0,17,,,,,,10,11,0.909,,,,,,,,,44,,0
19,21964,77196,0026400269,"FEB 12, 1965",BOS vs. NYK,W,41,14,25.0,,,,,6,7,0.857,,,6.0,3.0,,,,3.0,34,,0
20,21964,77196,0026400262,"FEB 10, 1965",BOS @ DET,W,0,12,,,,,,3,3,1.0,,,,,,,,,27,,0
21,21964,77196,0026400258,"FEB 09, 1965",BOS @ CIN,L,0,12,24.0,,,,,4,4,1.0,,,7.0,,,,,2.0,28,,0
22,21964,77196,0026400256,"FEB 07, 1965",BOS vs. LAL,W,45,13,27.0,,,,,1,1,1.0,,,6.0,1.0,,,,2.0,27,,0
23,21964,77196,0026400247,"FEB 05, 1965",BOS vs. CIN,W,45,13,23.0,,,,,6,10,0.6,,,9.0,4.0,,,,4.0,32,,0
24,21964,77196,0026400242,"FEB 03, 1965",BOS vs. BLT,L,41,8,31.0,,,,,7,11,0.636,,,6.0,4.0,,,,3.0,23,,0
25,21964,77196,0026400237,"JAN 31, 1965",BOS vs. NYK,W,36,6,17.0,,,,,4,5,0.8,,,1.0,1.0,,,,1.0,16,,0
26,21964,77196,0026400234,"JAN 30, 1965",BOS @ NYK,W,0,10,,,,,,5,8,0.625,,,,,,,,,25,,0
27,21964,77196,0026400230,"JAN 29, 1965",BOS @ PHL,L,36,3,20.0,,,,,9,11,0.818,,,5.0,2.0,,,,3.0,15,,0
28,21964,77196,0026400226,"JAN 27, 1965",BOS vs. PHL,W,33,12,20.0,,,,,5,7,0.714,,,2.0,3.0,,,,3.0,29,,0
29,21964,77196,0026400219,"JAN 25, 1965",BOS vs. BLT,W,23,11,17.0,,,,,5,6,0.833,,,5.0,2.0,,,,0.0,27,,0
30,21964,77196,0026400218,"JAN 24, 1965",BOS vs. LAL,W,38,12,22.0,,,,,3,4,0.75,,,6.0,5.0,,,,2.0,27,,0
31,21964,77196,0026400214,"JAN 23, 1965",BOS @ PHL,L,0,16,32.0,,,,,3,5,0.6,,,5.0,0.0,,,,1.0,35,,0
32,21964,77196,0026400212,"JAN 22, 1965",BOS vs. SFW,W,33,8,20.0,,,,,4,5,0.8,,,6.0,5.0,,,,2.0,20,,0
33,21964,77196,0026400205,"JAN 20, 1965",BOS @ BLT,W,0,15,,,,,,4,7,0.571,,,,,,,,,34,,0
34,21964,77196,0026400201,"JAN 17, 1965",BOS vs. CIN,W,44,12,30.0,,,,,6,8,0.75,,,4.0,3.0,,,,2.0,30,,0
35,21964,77196,0026400196,"JAN 15, 1965",BOS vs. PHL,W,37,13,26.0,,,,,3,3,1.0,,,4.0,3.0,,,,2.0,29,,0
36,21964,77196,0026400187,"JAN 09, 1965",BOS @ LAL,W,0,8,20.0,,,,,4,5,0.8,,,3.0,0.0,,,,2.0,20,,0
37,21964,77196,0026400183,"JAN 08, 1965",BOS @ SFW,W,36,5,19.0,,,,,10,11,0.909,,,5.0,3.0,,,,2.0,20,,0
38,21964,77196,0026400181,"JAN 07, 1965",BOS @ LAL,W,0,12,35.0,,,,,9,10,0.9,,,7.0,2.0,,,,2.0,33,,0
39,21964,77196,0026400177,"JAN 06, 1965",BOS vs. STL,W,12,5,8.0,,,,,1,1,1.0,,,4.0,2.0,,,,1.0,11,,0
40,21964,77196,0026400173,"JAN 03, 1965",BOS @ CIN,W,40,11,25.0,,,,,9,12,0.75,,,4.0,,,,,2.0,31,,0
41,21964,77196,0026400170,"JAN 02, 1965",BOS @ DET,W,0,6,,,,,,4,6,0.667,,,,,,,,,16,,0
42,21964,77196,0026400164,"DEC 30, 1964",BOS @ BLT,W,0,16,,,,,,5,6,0.833,,,,,,,,,37,,0
43,21964,77196,0026400159,"DEC 28, 1964",BOS vs. LAL,W,33,8,17.0,,,,,4,4,1.0,,,3.0,4.0,,,,3.0,20,,0
44,21964,77196,0026400156,"DEC 27, 1964",BOS vs. DET,W,0,16,34.0,,,,,8,9,0.889,,,,,,,,,40,,0
45,21964,77196,0026400154,"DEC 26, 1964",BOS @ STL,W,41,12,35.0,,,,,8,13,0.615,,,8.0,4.0,,,,4.0,32,,0
46,21964,77196,0026400150,"DEC 25, 1964",BOS vs. DET,W,0,13,,,,,,8,9,0.889,,,,,,,,,34,,0
47,21964,77196,0026400141,"DEC 19, 1964",BOS @ STL,W,40,10,28.0,,,,,8,8,1.0,,,5.0,4.0,,,,1.0,28,,0
48,21964,77196,0026400136,"DEC 17, 1964",BOS @ NYK,L,27,7,19.0,,,,,3,3,1.0,,,3.0,2.0,,,,1.0,17,,0
49,21964,77196,0026400134,"DEC 16, 1964",BOS vs. SFW,W,40,10,25.0,,,,,12,13,0.923,,,5.0,7.0,,,,3.0,32,,0
50,21964,77196,0026400131,"DEC 15, 1964",BOS vs. STL,W,42,12,22.0,,,,,2,4,0.5,,,5.0,3.0,,,,4.0,26,,0
51,21964,77196,0026400125,"DEC 12, 1964",BOS vs. BLT,W,45,12,23.0,,,,,3,4,0.75,,,6.0,6.0,,,,2.0,27,,0
52,21964,77196,0026400120,"DEC 11, 1964",BOS @ PHL,W,0,13,20.0,,,,,7,8,0.875,,,2.0,3.0,,,,5.0,33,,0
53,21964,77196,0026400118,"DEC 10, 1964",BOS @ CIN,W,0,10,17.0,,,,,2,2,1.0,,,2.0,,,,,2.0,22,,0
54,21964,77196,0026400113,"DEC 08, 1964",BOS @ LAL,W,0,8,25.0,,,,,4,4,1.0,,,5.0,3.0,,,,,20,,0
55,21964,77196,0026400108,"DEC 05, 1964",BOS @ SFW,W,36,8,22.0,,,,,6,8,0.75,,,5.0,6.0,,,,1.0,22,,0
56,21964,77196,0026400105,"DEC 04, 1964",BOS @ SFW,L,37,6,23.0,,,,,1,3,0.333,,,7.0,5.0,,,,1.0,13,,0
57,21964,77196,0026400101,"DEC 02, 1964",BOS vs. NYK,W,30,8,16.0,,,,,4,4,1.0,,,4.0,,,,,2.0,20,,0
58,21964,77196,0026400096,"DEC 01, 1964",BOS @ NYK,W,0,14,,,,,,9,9,1.0,,,,5.0,,,,,37,,0
59,21964,77196,0026400088,"NOV 28, 1964",BOS vs. CIN,W,23,7,14.0,,,,,1,2,0.5,,,0.0,0.0,,,,5.0,15,,0
60,21964,77196,0026400084,"NOV 26, 1964",BOS @ STL,L,33,7,17.0,,,,,3,3,1.0,,,2.0,0.0,,,,2.0,17,,0
61,21964,77196,0026400079,"NOV 25, 1964",BOS vs. SFW,W,41,14,27.0,,,,,2,2,1.0,,,4.0,3.0,,,,0.0,30,,0
62,21964,77196,0026400073,"NOV 21, 1964",BOS @ PHL,L,0,10,27.0,,,,,9,12,0.75,,,9.0,2.0,,,,4.0,29,,0
63,21964,77196,0026400069,"NOV 20, 1964",BOS vs. NYK,W,0,10,28.0,,,,,9,10,0.9,,,11.0,4.0,,,,1.0,29,,0
64,21964,77196,0026400067,"NOV 18, 1964",BOS vs. STL,W,28,5,18.0,,,,,8,8,1.0,,,3.0,0.0,,,,2.0,18,,0
65,21964,77196,0026400065,"NOV 17, 1964",BOS @ BLT,L,0,15,,,,,,3,3,1.0,,,,,,,,,33,,0
66,21964,77196,0026400059,"NOV 14, 1964",BOS @ PHL,W,0,9,21.0,,,,,5,5,1.0,,,3.0,3.0,,,,2.0,23,,0
67,21964,77196,0026400055,"NOV 13, 1964",BOS vs. LAL,L,38,12,25.0,,,,,8,9,0.889,,,3.0,3.0,,,,2.0,32,,0
68,21964,77196,0026400053,"NOV 12, 1964",BOS @ PHL,L,0,8,17.0,,,,,8,9,0.889,,,5.0,2.0,,,,3.0,24,,0
69,21964,77196,0026400051,"NOV 11, 1964",BOS vs. SFW,W,23,1,17.0,,,,,6,6,1.0,,,5.0,1.0,,,,3.0,8,,0
70,21964,77196,0026400045,"NOV 08, 1964",BOS @ CIN,W,0,12,31.0,,,,,2,3,0.667,,,5.0,,,,,2.0,26,,0
71,21964,77196,0026400040,"NOV 07, 1964",BOS vs. DET,W,28,6,16.0,,,,,6,6,1.0,,,5.0,4.0,,,,0.0,18,,0
72,21964,77196,0026400032,"OCT 31, 1964",BOS vs. CIN,W,28,7,13.0,,,,,8,9,0.889,,,3.0,1.0,,,,2.0,22,,0
73,21964,77196,0026400028,"OCT 30, 1964",BOS @ DET,W,0,10,,,,,,8,10,0.8,,,,,,,,,28,,0
74,21964,77196,0026400023,"OCT 28, 1964",BOS @ STL,W,34,11,20.0,,,,,5,7,0.714,,,8.0,3.0,,,,3.0,27,,0
75,21964,77196,0026400020,"OCT 27, 1964",BOS @ NYK,W,0,12,,,,,,6,6,1.0,,,,,,,,,30,,0
76,21964,77196,0026400018,"OCT 25, 1964",BOS @ BLT,W,0,11,17.0,,,,,4,6,0.667,,,,,,,,,26,,0
77,21964,77196,0026400015,"OCT 24, 1964",BOS vs. BLT,W,29,10,23.0,,,,,8,9,0.889,,,8.0,2.0,,,,3.0,28,,0
78,21964,77196,0026400012,"OCT 22, 1964",BOS vs. DET,W,0,11,,,,,,1,2,0.5,,,,,,,,,23,,0
79,21964,77196,0026400006,"OCT 17, 1964",BOS vs. DET,W,25,6,16.0,,,,,0,0,0.0,,,6.0,,,,,0.0,12,,0
0,21965,77196,0026500359,"MAR 20, 1966",BOS vs. CIN,W,0,7,21.0,,,,,4,4,1.0,,,8.0,,,,,4.0,18,,0
1,21965,77196,0026500354,"MAR 19, 1966",BOS @ NYK,W,37,11,15.0,,,,,1,2,0.5,,,6.0,5.0,,,,4.0,23,,0
2,21965,77196,0026500349,"MAR 17, 1966",BOS @ DET,W,0,8,,,,,,4,4,1.0,,,,,,,,,20,,0
3,21965,77196,0026500334,"MAR 10, 1966",BOS @ CIN,W,0,9,19.0,,,,,5,6,0.833,,,2.0,6.0,,,,5.0,23,,0
4,21965,77196,0026500327,"MAR 07, 1966",BOS vs. STL,W,40,11,26.0,,,,,4,5,0.8,,,10.0,4.0,,,,2.0,26,,0
5,21965,77196,0026500324,"MAR 06, 1966",BOS vs. PHL,L,0,13,22.0,,,,,6,7,0.857,,,2.0,4.0,,,,3.0,32,,0
6,21965,77196,0026500322,"MAR 05, 1966",BOS @ PHL,L,0,8,24.0,,,,,8,13,0.615,,,6.0,4.0,,,,5.0,24,,0
7,21965,77196,0026500317,"MAR 04, 1966",BOS @ STL,L,35,13,20.0,,,,,5,5,1.0,,,5.0,1.0,,,,3.0,31,,0
8,21965,77196,0026500314,"MAR 02, 1966",BOS vs. NYK,W,25,7,12.0,,,,,4,4,1.0,,,5.0,4.0,,,,1.0,18,,0
9,21965,77196,0026500311,"MAR 01, 1966",BOS @ STL,W,38,14,30.0,,,,,2,2,1.0,,,6.0,2.0,,,,3.0,30,,0
10,21965,77196,0026500306,"FEB 27, 1966",BOS @ BLT,L,0,7,,,,,,8,11,0.727,,,,,,,,,22,,0
11,21965,77196,0026500304,"FEB 26, 1966",BOS @ NYK,W,47,14,26.0,,,,,8,9,0.889,,,8.0,3.0,,,,3.0,36,,0
12,21965,77196,0026500298,"FEB 24, 1966",BOS vs. STL,W,30,6,15.0,,,,,5,6,0.833,,,4.0,4.0,,,,2.0,17,,0
13,21965,77196,0026500294,"FEB 22, 1966",BOS @ SFW,W,43,14,28.0,,,,,2,3,0.667,,,6.0,4.0,,,,4.0,30,,0
14,21965,77196,0026500290,"FEB 21, 1966",BOS @ LAL,W,0,13,28.0,,,,,7,9,0.778,,,4.0,7.0,,,,2.0,33,,0
15,21965,77196,0026500287,"FEB 19, 1966",BOS @ LAL,W,0,14,24.0,,,,,7,10,0.7,,,5.0,5.0,,,,3.0,35,,0
16,21965,77196,0026500284,"FEB 18, 1966",BOS @ SFW,L,28,10,19.0,,,,,2,3,0.667,,,5.0,2.0,,,,5.0,22,,0
17,21965,77196,0026500277,"FEB 15, 1966",BOS @ CIN,L,0,8,13.0,,,,,7,8,0.875,,,3.0,4.0,,,,4.0,23,,0
18,21965,77196,0026500271,"FEB 12, 1966",BOS vs. PHL,W,0,0,2.0,,,,,2,2,1.0,,,0.0,0.0,,,,1.0,2,,0
19,21965,77196,0026500266,"FEB 11, 1966",BOS vs. SFW,W,33,9,24.0,,,,,7,12,0.583,,,8.0,2.0,,,,4.0,25,,0
20,21965,77196,0026500264,"FEB 10, 1966",BOS @ SFW,L,20,7,14.0,,,,,2,3,0.667,,,2.0,0.0,,,,1.0,16,,0
21,21965,77196,0026500261,"FEB 09, 1966",BOS vs. NYK,W,15,3,8.0,,,,,1,3,0.333,,,3.0,3.0,,,,1.0,7,,0
22,21965,77196,0026500256,"FEB 07, 1966",BOS vs. SFW,W,5,1,2.0,,,,,0,0,0.0,,,3.0,1.0,,,,0.0,2,,0
23,21965,77196,0026500235,"JAN 30, 1966",BOS vs. NYK,W,29,5,11.0,,,,,6,8,0.75,,,0.0,1.0,,,,0.0,16,,0
24,21965,77196,0026500232,"JAN 29, 1966",BOS @ NYK,W,0,12,,,,,,8,9,0.889,,,,,,,,,32,,0
25,21965,77196,0026500228,"JAN 28, 1966",BOS vs. DET,L,44,9,24.0,,,,,8,11,0.727,,,6.0,8.0,,,,1.0,26,,0
26,21965,77196,0026500226,"JAN 27, 1966",BOS vs. DET,W,0,13,,,,,,6,7,0.857,,,,,,,,,32,,0
27,21965,77196,0026500222,"JAN 25, 1966",BOS @ CIN,L,0,9,30.0,,,,,6,8,0.75,,,3.0,5.0,,,,5.0,24,,0
28,21965,77196,0026500216,"JAN 22, 1966",BOS @ BLT,L,0,11,,,,,,6,8,0.75,,,,,,,,,28,,0
29,21965,77196,0026500214,"JAN 21, 1966",BOS vs. CIN,W,25,7,14.0,,,,,3,5,0.6,,,4.0,3.0,,,,4.0,17,,0
30,21965,77196,0026500208,"JAN 19, 1966",BOS vs. BLT,W,32,6,16.0,,,,,5,6,0.833,,,6.0,6.0,,,,4.0,17,,0
31,21965,77196,0026500204,"JAN 18, 1966",BOS @ DET,L,0,13,34.0,,,,,1,1,1.0,,,8.0,3.0,,,,2.0,27,,0
32,21965,77196,0026500200,"JAN 16, 1966",BOS vs. PHL,W,34,10,14.0,,,,,2,2,1.0,,,6.0,4.0,,,,1.0,22,,0
33,21965,77196,0026500196,"JAN 14, 1966",BOS @ PHL,L,0,11,20.0,,,,,5,5,1.0,,,6.0,4.0,,,,1.0,27,,0
34,21965,77196,0026500192,"JAN 12, 1966",BOS vs. LAL,W,31,3,11.0,,,,,3,3,1.0,,,6.0,4.0,,,,1.0,9,,0
35,21965,77196,0026500186,"JAN 08, 1966",BOS @ SFW,W,26,10,16.0,,,,,4,4,1.0,,,6.0,7.0,,,,1.0,24,,0
36,21965,77196,0026500181,"JAN 07, 1966",BOS @ SFW,W,43,15,30.0,,,,,3,4,0.75,,,8.0,3.0,,,,1.0,33,,0
37,21965,77196,0026500175,"JAN 05, 1966",BOS @ LAL,L,0,11,22.0,,,,,1,2,0.5,,,3.0,5.0,,,,2.0,23,,0
38,21965,77196,0026500168,"JAN 02, 1966",BOS @ LAL,W,0,11,21.0,,,,,7,7,1.0,,,6.0,3.0,,,,4.0,29,,0
39,21965,77196,0026500166,"JAN 01, 1966",BOS @ STL,L,37,16,29.0,,,,,5,5,1.0,,,5.0,3.0,,,,0.0,37,,0
40,21965,77196,0026500162,"DEC 30, 1965",BOS vs. SFW,W,28,4,20.0,,,,,5,6,0.833,,,5.0,6.0,,,,1.0,13,,0
41,21965,77196,0026500160,"DEC 29, 1965",BOS @ NYK,W,37,12,26.0,,,,,5,7,0.714,,,6.0,5.0,,,,2.0,29,,0
42,21965,77196,0026500156,"DEC 28, 1965",BOS @ PHL,L,0,8,18.0,,,,,8,11,0.727,,,5.0,2.0,,,,2.0,24,,0
43,21965,77196,0026500151,"DEC 26, 1965",BOS vs. BLT,W,37,13,22.0,,,,,8,11,0.727,,,11.0,2.0,,,,4.0,34,,0
44,21965,77196,0026500148,"DEC 25, 1965",BOS @ BLT,W,0,3,,,,,,5,7,0.714,,,,,,,,,11,,0
45,21965,77196,0026500142,"DEC 22, 1965",BOS vs. NYK,W,38,14,24.0,,,,,9,13,0.692,,,4.0,1.0,,,,3.0,37,,0
46,21965,77196,0026500134,"DEC 17, 1965",BOS @ DET,W,0,5,,,,,,4,5,0.8,,,,,,,,,14,,0
47,21965,77196,0026500130,"DEC 15, 1965",BOS vs. CIN,L,40,9,22.0,,,,,6,7,0.857,,,4.0,3.0,,,,4.0,24,,0
48,21965,77196,0026500124,"DEC 11, 1965",BOS vs. SFW,W,24,4,10.0,,,,,7,7,1.0,,,11.0,2.0,,,,0.0,15,,0
49,21965,77196,0026500114,"DEC 08, 1965",BOS vs. LAL,W,15,3,7.0,,,,,2,3,0.667,,,0.0,0.0,,,,2.0,8,,0
50,21965,77196,0026500083,"NOV 24, 1965",BOS vs. NYK,W,9,3,5.0,,,,,1,2,0.5,,,4.0,2.0,,,,0.0,7,,0
51,21965,77196,0026500074,"NOV 20, 1965",BOS @ NYK,W,29,11,20.0,,,,,3,4,0.75,,,4.0,2.0,,,,5.0,25,,0
52,21965,77196,0026500071,"NOV 19, 1965",BOS vs. CIN,W,20,7,10.0,,,,,5,5,1.0,,,1.0,0.0,,,,3.0,19,,0
53,21965,77196,0026500066,"NOV 17, 1965",BOS @ LAL,L,0,5,21.0,,,,,10,14,0.714,,,3.0,3.0,,,,5.0,20,,0
54,21965,77196,0026500063,"NOV 16, 1965",BOS @ SFW,W,33,8,20.0,,,,,2,3,0.667,,,8.0,2.0,,,,5.0,18,,0
55,21965,77196,0026500060,"NOV 13, 1965",BOS vs. DET,W,27,2,12.0,,,,,6,6,1.0,,,5.0,2.0,,,,1.0,10,,0
56,21965,77196,0026500054,"NOV 12, 1965",BOS @ PHL,L,0,15,28.0,,,,,6,10,0.6,,,9.0,5.0,,,,5.0,36,,0
57,21965,77196,0026500053,"NOV 11, 1965",BOS vs. STL,W,41,11,29.0,,,,,8,9,0.889,,,6.0,2.0,,,,3.0,30,,0
58,21965,77196,0026500046,"NOV 09, 1965",BOS vs. BLT,W,37,12,20.0,,,,,6,7,0.857,,,9.0,1.0,,,,2.0,30,,0
59,21965,77196,0026500044,"NOV 06, 1965",BOS vs. PHL,W,36,6,15.0,,,,,9,10,0.9,,,5.0,3.0,,,,2.0,21,,0
60,21965,77196,0026500037,"NOV 05, 1965",BOS @ BLT,W,0,12,,,,,,3,6,0.5,,,,,,,,,27,,0
61,21965,77196,0026500030,"OCT 31, 1965",BOS vs. BLT,W,40,12,27.0,,,,,6,8,0.75,,,6.0,2.0,,,,3.0,30,,0
62,21965,77196,0026500023,"OCT 29, 1965",BOS @ DET,L,0,21,35.0,,,,,9,9,1.0,,,,,,,,,51,,0
63,21965,77196,0026500021,"OCT 28, 1965",BOS @ CIN,L,0,10,25.0,,,,,2,2,1.0,,,6.0,4.0,,,,1.0,22,,0
64,21965,77196,0026500013,"OCT 23, 1965",BOS @ STL,L,27,10,15.0,,,,,1,1,1.0,,,3.0,0.0,,,,4.0,21,,0
65,21965,77196,0026500012,"OCT 20, 1965",BOS vs. LAL,W,36,13,20.0,,,,,4,4,1.0,,,3.0,4.0,,,,3.0,30,,0
66,21965,77196,0026500006,"OCT 16, 1965",BOS vs. CIN,W,43,14,30.0,,,,,5,5,1.0,,,8.0,4.0,,,,3.0,33,,0
0,21966,77196,0026600404,"MAR 19, 1967",BOS vs. NYK,W,31,11,21.0,,,,,7,7,1.0,,,4.0,1.0,,,,1.0,29,,0
1,21966,77196,0026600398,"MAR 18, 1967",BOS @ NYK,W,0,13,,,,,,6,7,0.857,,,,,,,,,32,,0
2,21966,77196,0026600395,"MAR 16, 1967",BOS @ DET,W,0,8,,,,,,2,2,1.0,,,,,,,,,18,,0
3,21966,77196,0026600391,"MAR 15, 1967",BOS @ CIN,L,0,5,12.0,,,,,3,3,1.0,,,3.0,,,,,3.0,13,,0
4,21966,77196,0026600384,"MAR 13, 1967",BOS @ STL,L,28,4,13.0,,,,,7,8,0.875,,,2.0,8.0,,,,3.0,15,,0
5,21966,77196,0026600382,"MAR 12, 1967",BOS vs. BLT,W,33,7,15.0,,,,,0,1,0.0,,,2.0,5.0,,,,2.0,14,,0
6,21966,77196,0026600379,"MAR 11, 1967",BOS @ PHL,W,0,12,30.0,,,,,2,2,1.0,,,5.0,6.0,,,,5.0,26,,0
7,21966,77196,0026600371,"MAR 08, 1967",BOS vs. PHL,L,43,8,24.0,,,,,4,4,1.0,,,6.0,4.0,,,,2.0,20,,0
8,21966,77196,0026600368,"MAR 06, 1967",BOS vs. DET,W,13,3,7.0,,,,,0,1,0.0,,,1.0,4.0,,,,1.0,6,,0
9,21966,77196,0026600363,"MAR 05, 1967",BOS vs. LAL,W,28,10,21.0,,,,,2,2,1.0,,,5.0,6.0,,,,2.0,22,,0
10,21966,77196,0026600356,"MAR 03, 1967",BOS vs. CIN,W,22,5,13.0,,,,,0,0,0.0,,,0.0,0.0,,,,5.0,10,,0
11,21966,77196,0026600354,"MAR 02, 1967",BOS vs. CHI,W,0,12,19.0,,,,,9,10,0.9,,,6.0,5.0,,,,5.0,33,,0
12,21966,77196,0026600348,"MAR 01, 1967",BOS vs. SFW,W,36,9,15.0,,,,,5,8,0.625,,,5.0,3.0,,,,2.0,23,,0
13,21966,77196,0026600342,"FEB 26, 1967",BOS @ STL,W,36,14,24.0,,,,,11,13,0.846,,,4.0,5.0,,,,3.0,39,,0
14,21966,77196,0026600334,"FEB 23, 1967",BOS vs. NYK,W,27,6,13.0,,,,,3,4,0.75,,,3.0,5.0,,,,2.0,15,,0
15,21966,77196,0026600331,"FEB 22, 1967",BOS @ BLT,W,0,18,36.0,,,,,6,7,0.857,,,,9.0,,,,,42,,0
16,21966,77196,0026600329,"FEB 21, 1967",BOS @ NYK,W,0,13,,,,,,1,1,1.0,,,,,,,,,27,,0
17,21966,77196,0026600321,"FEB 18, 1967",BOS @ SFW,L,28,4,17.0,,,,,6,6,1.0,,,7.0,1.0,,,,3.0,14,,0
18,21966,77196,0026600319,"FEB 17, 1967",BOS @ LAL,W,0,6,12.0,,,,,0,0,0.0,,,2.0,4.0,,,,2.0,12,,0
19,21966,77196,0026600311,"FEB 14, 1967",BOS @ SFW,L,29,6,19.0,,,,,4,4,1.0,,,5.0,5.0,,,,3.0,16,,0
20,21966,77196,0026600308,"FEB 12, 1967",BOS vs. PHL,W,36,7,21.0,,,,,2,5,0.4,,,5.0,0.0,,,,4.0,16,,0
21,21966,77196,0026600297,"FEB 10, 1967",BOS vs. SFW,W,45,7,22.0,,,,,7,7,1.0,,,10.0,3.0,,,,3.0,21,,0
22,21966,77196,0026600296,"FEB 09, 1967",BOS @ BLT,L,0,11,,,,,,1,2,0.5,,,,,,,,,23,,0
23,21966,77196,0026600289,"FEB 07, 1967",BOS @ CIN,W,0,8,23.0,,,,,7,8,0.875,,,2.0,,,,,1.0,23,,0
24,21966,77196,0026600285,"FEB 05, 1967",BOS vs. CIN,W,26,11,24.0,,,,,4,5,0.8,,,1.0,1.0,,,,2.0,26,,0
25,21966,77196,0026600276,"FEB 03, 1967",BOS vs. STL,L,33,9,25.0,,,,,3,4,0.75,,,6.0,1.0,,,,3.0,21,,0
26,21966,77196,0026600271,"FEB 01, 1967",BOS @ BLT,W,39,12,27.0,,,,,5,7,0.714,,,8.0,6.0,,,,,29,,0
27,21966,77196,0026600266,"JAN 30, 1967",BOS vs. SFW,W,38,14,25.0,,,,,4,7,0.571,,,4.0,3.0,,,,2.0,32,,0
28,21966,77196,0026600265,"JAN 29, 1967",BOS vs. NYK,W,17,1,10.0,,,,,2,2,1.0,,,5.0,1.0,,,,2.0,4,,0
29,21966,77196,0026600261,"JAN 28, 1967",BOS @ NYK,W,0,11,,,,,,2,2,1.0,,,,,,,,,24,,0
30,21966,77196,0026600258,"JAN 27, 1967",BOS vs. DET,W,33,8,19.0,,,,,10,10,1.0,,,5.0,2.0,,,,1.0,26,,0
31,21966,77196,0026600253,"JAN 25, 1967",BOS @ DET,W,0,13,,,,,,4,5,0.8,,,,,,,,,30,,0
32,21966,77196,0026600249,"JAN 24, 1967",BOS @ PHL,W,0,16,34.0,,,,,6,7,0.857,,,8.0,2.0,,,,4.0,38,,0
33,21966,77196,0026600243,"JAN 22, 1967",BOS vs. LAL,W,43,13,26.0,,,,,5,7,0.714,,,3.0,4.0,,,,2.0,31,,0
34,21966,77196,0026600237,"JAN 20, 1967",BOS vs. BLT,W,35,9,21.0,,,,,3,3,1.0,,,7.0,5.0,,,,6.0,21,,0
35,21966,77196,0026600231,"JAN 18, 1967",BOS @ CIN,W,0,8,22.0,,,,,3,3,1.0,,,4.0,,,,,5.0,19,,0
36,21966,77196,0026600228,"JAN 17, 1967",BOS @ CHI,W,0,5,,,,,,3,3,1.0,,,,,,,,,13,,0
37,21966,77196,0026600225,"JAN 15, 1967",BOS vs. PHL,L,28,9,14.0,,,,,3,5,0.6,,,4.0,3.0,,,,2.0,21,,0
38,21966,77196,0026600220,"JAN 14, 1967",BOS @ BLT,W,0,5,25.0,,,,,7,7,1.0,,,,,,,,,17,,0
39,21966,77196,0026600217,"JAN 13, 1967",BOS vs. CHI,W,19,5,10.0,,,,,3,4,0.75,,,1.0,2.0,,,,1.0,13,,0
40,21966,77196,0026600204,"JAN 07, 1967",BOS @ SFW,L,33,8,16.0,,,,,3,3,1.0,,,5.0,2.0,,,,2.0,19,,0
41,21966,77196,0026600201,"JAN 06, 1967",BOS @ LAL,L,0,6,16.0,,,,,10,10,1.0,,,5.0,3.0,,,,3.0,22,,0
42,21966,77196,0026600190,"JAN 03, 1967",BOS @ SFW,W,48,12,27.0,,,,,7,8,0.875,,,4.0,4.0,,,,3.0,31,,0
43,21966,77196,0026600186,"JAN 01, 1967",BOS @ LAL,L,0,11,26.0,,,,,6,6,1.0,,,10.0,3.0,,,,1.0,28,,0
44,21966,77196,0026600183,"DEC 30, 1966",BOS @ CHI,W,0,13,20.0,,,,,7,9,0.778,,,,,,,,,33,,0
45,21966,77196,0026600180,"DEC 29, 1966",BOS @ STL,W,38,5,10.0,,,,,1,1,1.0,,,6.0,4.0,,,,2.0,11,,0
46,21966,77196,0026600178,"DEC 28, 1966",BOS @ PHL,L,0,9,28.0,,,,,4,4,1.0,,,10.0,3.0,,,,3.0,22,,0
47,21966,77196,0026600172,"DEC 26, 1966",BOS vs. LAL,W,24,6,14.0,,,,,2,2,1.0,,,3.0,2.0,,,,2.0,14,,0
48,21966,77196,0026600164,"DEC 23, 1966",BOS vs. STL,W,31,14,25.0,,,,,4,5,0.8,,,1.0,2.0,,,,4.0,32,,0
49,21966,77196,0026600157,"DEC 20, 1966",BOS vs. DET,W,0,2,,,,,,6,6,1.0,,,,,,,,,10,,0
50,21966,77196,0026600154,"DEC 18, 1966",BOS @ LAL,L,0,9,25.0,,,,,5,8,0.625,,,5.0,5.0,,,,2.0,23,,0
51,21966,77196,0026600151,"DEC 17, 1966",BOS @ SFW,W,41,13,25.0,,,,,4,6,0.667,,,7.0,3.0,,,,2.0,30,,0
52,21966,77196,0026600146,"DEC 15, 1966",BOS @ STL,L,31,8,17.0,,,,,2,2,1.0,,,2.0,1.0,,,,3.0,18,,0
53,21966,77196,0026600139,"DEC 11, 1966",BOS vs. PHL,W,39,9,21.0,,,,,5,6,0.833,,,5.0,3.0,,,,1.0,23,,0
54,21966,77196,0026600137,"DEC 10, 1966",BOS vs. CHI,W,33,8,16.0,,,,,9,9,1.0,,,6.0,1.0,,,,2.0,25,,0
55,21966,77196,0026600133,"DEC 09, 1966",BOS @ CIN,W,33,11,24.0,,,,,9,9,1.0,,,4.0,,,,,4.0,31,,0
56,21966,77196,0026600128,"DEC 07, 1966",BOS vs. CIN,W,33,9,22.0,,,,,0,0,0.0,,,5.0,5.0,,,,2.0,18,,0
57,21966,77196,0026600123,"DEC 06, 1966",BOS vs. DET,W,26,7,13.0,,,,,9,10,0.9,,,3.0,,,,,4.0,23,,0
58,21966,77196,0026600118,"DEC 03, 1966",BOS @ NYK,W,0,14,,,,,,3,3,1.0,,,,,,,,,31,,0
59,21966,77196,0026600092,"NOV 23, 1966",BOS vs. STL,W,26,9,17.0,,,,,2,2,1.0,,,3.0,,,,,2.0,20,,0
60,21966,77196,0026600080,"NOV 19, 1966",BOS @ BLT,W,0,11,,,,,,8,8,1.0,,,,,,,,,30,,0
61,21966,77196,0026600078,"NOV 18, 1966",BOS vs. BLT,W,29,11,18.0,,,,,5,8,0.625,,,4.0,2.0,,,,1.0,27,,0
62,21966,77196,0026600065,"NOV 12, 1966",BOS @ STL,L,30,6,14.0,,,,,1,1,1.0,,,6.0,0.0,,,,2.0,13,,0
63,21966,77196,0026600060,"NOV 11, 1966",BOS vs. NYK,W,18,5,9.0,,,,,1,2,0.5,,,3.0,1.0,,,,0.0,11,,0
64,21966,77196,0026600058,"NOV 10, 1966",BOS @ CIN,W,0,8,21.0,,,,,6,9,0.667,,,8.0,,,,,5.0,22,,0
65,21966,77196,0026600053,"NOV 08, 1966",BOS @ CHI,W,0,9,,,,,,2,2,1.0,,,,,,,,,20,,0
66,21966,77196,0026600048,"NOV 05, 1966",BOS vs. PHL,W,30,12,22.0,,,,,5,5,1.0,,,7.0,4.0,,,,2.0,29,,0
67,21966,77196,0026600041,"NOV 03, 1966",BOS vs. CHI,W,26,7,16.0,,,,,6,8,0.75,,,3.0,,,,,1.0,20,,0
68,21966,77196,0026600037,"NOV 02, 1966",BOS vs. LAL,W,19,3,7.0,,,,,5,7,0.714,,,4.0,2.0,,,,2.0,11,,0
69,21966,77196,0026600019,"OCT 22, 1966",BOS @ NYK,W,0,12,,,,,,3,4,0.75,,,,,,,,,27,,0
70,21966,77196,0026600016,"OCT 21, 1966",BOS vs. BLT,W,30,7,14.0,,,,,4,4,1.0,,,7.0,3.0,,,,3.0,18,,0
71,21966,77196,0026600002,"OCT 15, 1966",BOS vs. SFW,W,38,8,24.0,,,,,13,14,0.929,,,8.0,3.0,,,,3.0,29,,0
0,21967,77196,0026700491,"MAR 20, 1968",BOS vs. DET,L,27,4,9.0,,,,,1,2,0.5,,,4.0,4.0,,,,4.0,9,,0
1,21967,77196,0026700480,"MAR 17, 1968",BOS vs. BLT,L,31,10,15.0,,,,,6,6,1.0,,,7.0,4.0,,,,3.0,26,,0
2,21967,77196,0026700477,"MAR 16, 1968",BOS @ BLT,W,0,7,,,,,,1,2,0.5,,,,,,,,,15,,0
3,21967,77196,0026700468,"MAR 13, 1968",BOS @ SDR,W,0,6,,,,,,2,2,1.0,,,,,,,,1.0,14,,0
4,21967,77196,0026700463,"MAR 12, 1968",BOS @ SFW,W,26,5,15.0,,,,,5,6,0.833,,,6.0,1.0,,,,2.0,15,,0
5,21967,77196,0026700460,"MAR 11, 1968",BOS @ SEA,W,20,4,10.0,,,,,4,5,0.8,,,3.0,0.0,,,,0.0,12,,0
6,21967,77196,0026700457,"MAR 10, 1968",BOS vs. CIN,L,13,5,7.0,,,,,3,6,0.5,,,4.0,0.0,,,,3.0,13,,0
7,21967,77196,0026700403,"FEB 23, 1968",BOS @ SFW,L,15,2,4.0,,,,,0,0,0.0,,,1.0,1.0,,,,1.0,4,,0
8,21967,77196,0026700397,"FEB 21, 1968",BOS @ LAL,L,0,7,12.0,,,,,0,1,0.0,,,3.0,3.0,,,,2.0,14,,0
9,21967,77196,0026700395,"FEB 20, 1968",BOS vs. CIN,W,33,7,20.0,,,,,0,1,0.0,,,6.0,5.0,,,,1.0,14,,0
10,21967,77196,0026700391,"FEB 18, 1968",BOS @ CIN,L,0,12,25.0,,,,,0,0,0.0,,,6.0,4.0,,,,4.0,24,,0
11,21967,77196,0026700387,"FEB 17, 1968",BOS @ STL,W,30,12,21.0,,,,,0,0,0.0,,,2.0,2.0,,,,3.0,24,,0
12,21967,77196,0026700381,"FEB 16, 1968",BOS @ CHI,W,0,10,,,,,,2,2,1.0,,,,,,,,,22,,0
13,21967,77196,0026700375,"FEB 14, 1968",BOS vs. DET,W,24,7,12.0,,,,,5,6,0.833,,,1.0,1.0,,,,1.0,19,,0
14,21967,77196,0026700369,"FEB 13, 1968",BOS @ DET,W,0,11,,,,,,9,10,0.9,,,,,,,,,31,,0
15,21967,77196,0026700365,"FEB 11, 1968",BOS vs. LAL,L,20,4,13.0,,,,,0,0,0.0,,,6.0,0.0,,,,2.0,8,,0
16,21967,77196,0026700358,"FEB 09, 1968",BOS vs. DET,W,31,11,21.0,,,,,2,2,1.0,,,8.0,1.0,,,,3.0,24,,0
17,21967,77196,0026700350,"FEB 07, 1968",BOS vs. STL,W,28,11,21.0,,,,,5,5,1.0,,,6.0,2.0,,,,3.0,27,,0
18,21967,77196,0026700340,"FEB 04, 1968",BOS vs. NYK,L,31,6,19.0,,,,,2,2,1.0,,,4.0,5.0,,,,4.0,14,,0
19,21967,77196,0026700336,"FEB 03, 1968",BOS @ NYK,W,43,12,25.0,,,,,6,7,0.857,,,6.0,1.0,,,,5.0,30,,0
20,21967,77196,0026700332,"FEB 02, 1968",BOS vs. BLT,W,31,10,22.0,,,,,1,1,1.0,,,6.0,1.0,,,,2.0,21,,0
21,21967,77196,0026700322,"JAN 31, 1968",BOS vs. CHI,W,41,9,20.0,,,,,2,4,0.5,,,6.0,4.0,,,,4.0,20,,0
22,21967,77196,0026700318,"JAN 30, 1968",BOS @ PHL,L,39,16,26.0,,,,,6,8,0.75,,,3.0,4.0,,,,2.0,38,,0
23,21967,77196,0026700315,"JAN 28, 1968",BOS vs. PHL,W,39,13,27.0,,,,,3,6,0.5,,,6.0,3.0,,,,1.0,29,,0
24,21967,77196,0026700306,"JAN 26, 1968",BOS vs. LAL,L,39,11,23.0,,,,,5,6,0.833,,,5.0,4.0,,,,1.0,27,,0
25,21967,77196,0026700304,"JAN 25, 1968",BOS @ STL,L,36,9,19.0,,,,,3,3,1.0,,,6.0,1.0,,,,4.0,21,,0
26,21967,77196,0026700297,"JAN 21, 1968",BOS vs. SDR,W,35,8,16.0,,,,,4,4,1.0,,,8.0,2.0,,,,2.0,20,,0
27,21967,77196,0026700293,"JAN 20, 1968",BOS @ BLT,L,0,14,,,,,,10,12,0.833,,,,,,,,,38,,0
28,21967,77196,0026700290,"JAN 19, 1968",BOS vs. NYK,W,33,10,13.0,,,,,11,11,1.0,,,4.0,5.0,,,,3.0,31,,0
29,21967,77196,0026700285,"JAN 17, 1968",BOS vs. STL,W,35,8,16.0,,,,,4,4,1.0,,,1.0,2.0,,,,0.0,20,,0
30,21967,77196,0026700277,"JAN 15, 1968",BOS vs. SFW,W,33,10,19.0,,,,,7,7,1.0,,,3.0,2.0,,,,4.0,27,,0
31,21967,77196,0026700268,"JAN 12, 1968",BOS vs. DET,W,38,10,14.0,,,,,6,7,0.857,,,5.0,2.0,,,,4.0,26,,0
32,21967,77196,0026700266,"JAN 11, 1968",BOS @ CIN,L,0,8,23.0,,,,,1,2,0.5,,,7.0,,,,,3.0,17,,0
33,21967,77196,0026700264,"JAN 10, 1968",BOS vs. SEA,W,11,2,2.0,,,,,0,0,0.0,,,1.0,2.0,,,,2.0,4,,0
34,21967,77196,0026700252,"JAN 06, 1968",BOS @ SFW,L,41,3,16.0,,,,,3,4,0.75,,,8.0,3.0,,,,3.0,9,,0
35,21967,77196,0026700246,"JAN 05, 1968",BOS @ SEA,W,33,9,14.0,,,,,3,3,1.0,,,6.0,2.0,,,,3.0,21,,0
36,21967,77196,0026700242,"JAN 03, 1968",BOS @ LAL,W,0,9,20.0,,,,,4,4,1.0,,,6.0,2.0,,,,3.0,22,,0
37,21967,77196,0026700239,"JAN 02, 1968",BOS @ CHI,L,0,8,,,,,,3,3,1.0,,,,,,,,4.0,19,,0
38,21967,77196,0026700225,"DEC 29, 1967",BOS @ PHL,L,25,6,10.0,,,,,3,4,0.75,,,6.0,2.0,,,,0.0,15,,0
39,21967,77196,0026700221,"DEC 27, 1967",BOS @ STL,L,0,12,21.0,,,,,6,7,0.857,,,1.0,1.0,,,,0.0,30,,0
40,21967,77196,0026700218,"DEC 26, 1967",BOS vs. SFW,L,46,7,19.0,,,,,10,12,0.833,,,8.0,4.0,,,,0.0,24,,0
41,21967,77196,0026700211,"DEC 25, 1967",BOS @ NYK,W,46,9,17.0,0.529,,,,9,12,0.75,,,8.0,3.0,,,,2.0,27,,0
42,21967,77196,0026700203,"DEC 22, 1967",BOS vs. CIN,W,35,6,14.0,,,,,8,9,0.889,,,6.0,2.0,,,,4.0,20,,0
43,21967,77196,0026700199,"DEC 20, 1967",BOS @ SDR,W,0,7,,,,,,6,7,0.857,,,,,,,,,20,,0
44,21967,77196,0026700195,"DEC 19, 1967",BOS @ SEA,W,19,5,10.0,,,,,4,4,1.0,,,1.0,0.0,,,,4.0,14,,0
45,21967,77196,0026700190,"DEC 17, 1967",BOS @ LAL,W,0,4,10.0,,,,,1,1,1.0,,,2.0,0.0,,,,5.0,9,,0
46,21967,77196,0026700182,"DEC 15, 1967",BOS vs. SDR,W,38,11,18.0,,,,,5,6,0.833,,,6.0,6.0,,,,5.0,27,,0
47,21967,77196,0026700178,"DEC 14, 1967",BOS vs. PHL,W,37,8,21.0,,,,,1,2,0.5,,,5.0,5.0,,,,2.0,17,,0
48,21967,77196,0026700168,"DEC 09, 1967",BOS @ CIN,L,0,13,23.0,,,,,2,2,1.0,,,4.0,,,,,4.0,28,,0
49,21967,77196,0026700161,"DEC 08, 1967",BOS vs. BLT,W,34,6,14.0,,,,,5,7,0.714,,,3.0,3.0,,,,0.0,17,,0
50,21967,77196,0026700156,"DEC 06, 1967",BOS vs. NYK,W,38,10,18.0,,,,,7,8,0.875,,,6.0,5.0,,,,3.0,27,,0
51,21967,77196,0026700145,"DEC 02, 1967",BOS @ DET,L,0,8,,,,,,5,9,0.556,,,,,,,,,21,,0
52,21967,77196,0026700138,"DEC 01, 1967",BOS vs. LAL,W,39,8,22.0,,,,,5,5,1.0,,,5.0,3.0,,,,0.0,21,,0
53,21967,77196,0026700130,"NOV 28, 1967",BOS vs. DET,W,0,8,,,,,,4,4,1.0,,,,,,,,2.0,20,,0
54,21967,77196,0026700123,"NOV 25, 1967",BOS @ BLT,L,0,12,,,,,,5,7,0.714,,,,,,,,,29,,0
55,21967,77196,0026700116,"NOV 23, 1967",BOS @ SEA,L,25,8,19.0,,,,,3,4,0.75,,,5.0,1.0,,,,2.0,19,,0
56,21967,77196,0026700112,"NOV 22, 1967",BOS vs. SDR,W,34,11,21.0,,,,,4,4,1.0,,,3.0,6.0,,,,4.0,26,,0
57,21967,77196,0026700108,"NOV 21, 1967",BOS vs. SDR,W,29,10,17.0,,,,,4,4,1.0,,,6.0,4.0,,,,2.0,24,,0
58,21967,77196,0026700101,"NOV 18, 1967",BOS @ PHL,W,40,13,26.0,,,,,7,7,1.0,,,8.0,8.0,,,,4.0,33,,0
59,21967,77196,0026700095,"NOV 17, 1967",BOS vs. CIN,L,37,8,21.0,,,,,11,11,1.0,,,5.0,4.0,,,,5.0,27,,0
60,21967,77196,0026700091,"NOV 15, 1967",BOS vs. SFW,W,30,5,14.0,,,,,6,9,0.667,,,3.0,1.0,,,,3.0,16,,0
61,21967,77196,0026700085,"NOV 14, 1967",BOS vs. SEA,W,39,12,25.0,,,,,5,6,0.833,,,5.0,6.0,,,,2.0,29,,0
62,21967,77196,0026700080,"NOV 11, 1967",BOS @ NYK,L,0,11,,,,,,4,4,1.0,,,3.0,4.0,,,,2.0,26,,0
63,21967,77196,0026700075,"NOV 10, 1967",BOS vs. BLT,W,40,17,31.0,,,,,5,6,0.833,,,9.0,2.0,,,,5.0,39,,0
64,21967,77196,0026700073,"NOV 09, 1967",BOS @ CHI,W,0,8,,,,,,7,12,0.583,,,,,,,,4.0,23,,0
65,21967,77196,0026700066,"NOV 07, 1967",BOS @ CIN,W,0,3,15.0,,,,,4,7,0.571,,,10.0,8.0,,,,3.0,10,,0
66,21967,77196,0026700061,"NOV 04, 1967",BOS @ STL,L,41,10,30.0,,,,,1,1,1.0,,,5.0,3.0,,,,2.0,21,,0
67,21967,77196,0026700055,"NOV 03, 1967",BOS vs. LAL,W,40,5,16.0,,,,,7,9,0.778,,,4.0,6.0,,,,4.0,17,,0
68,21967,77196,0026700041,"OCT 28, 1967",BOS vs. PHL,W,33,9,19.0,,,,,5,6,0.833,,,1.0,5.0,,,,2.0,23,,0
69,21967,77196,0026700038,"OCT 27, 1967",BOS @ DET,W,0,9,,,,,,3,3,1.0,,,,,,,,,21,,0
70,21967,77196,0026700032,"OCT 25, 1967",BOS vs. STL,W,29,8,16.0,,,,,9,10,0.9,,,1.0,2.0,,,,3.0,25,,0
71,21967,77196,0026700020,"OCT 21, 1967",BOS @ BLT,W,0,12,,,,,,7,10,0.7,,,,,,,,,31,,0
72,21967,77196,0026700004,"OCT 14, 1967",BOS vs. CHI,W,37,3,19.0,,,,,3,4,0.75,,,6.0,5.0,,,,2.0,9,,0
0,21968,77196,0026800572,"MAR 24, 1969",BOS vs. SDR,W,0,7,14.0,,,,,2,2,1.0,,,1.0,1.0,,,,1.0,16,,0
1,21968,77196,0026800570,"MAR 23, 1969",BOS vs. BLT,W,19,10,15.0,,,,,0,0,0.0,,,2.0,5.0,,,,0.0,20,,0
2,21968,77196,0026800556,"MAR 21, 1969",BOS @ CIN,W,0,10,20.0,,,,,3,3,1.0,,,3.0,,,,,3.0,23,,0
3,21968,77196,0026800554,"MAR 19, 1969",BOS vs. CHI,W,7,0,4.0,,,,,1,2,0.5,,,0.0,2.0,,,,0.0,1,,0
4,21968,77196,0026800544,"MAR 16, 1969",BOS vs. LAL,L,16,2,6.0,,,,,1,2,0.5,,,1.0,0.0,,,,1.0,5,,0
5,21968,77196,0026800540,"MAR 15, 1969",BOS @ BLT,L,33,12,25.0,,,,,4,5,0.8,,,10.0,3.0,,,,4.0,28,,0
6,21968,77196,0026800531,"MAR 13, 1969",BOS @ CIN,L,0,7,15.0,,,,,2,4,0.5,,,3.0,,,,,2.0,16,,0
7,21968,77196,0026800525,"MAR 12, 1969",BOS @ PHL,W,33,14,26.0,,,,,2,2,1.0,,,4.0,2.0,,,,0.0,30,,0
8,21968,77196,0026800518,"MAR 09, 1969",BOS vs. SFW,W,23,6,11.0,,,,,4,4,1.0,,,3.0,3.0,,,,0.0,16,,0
9,21968,77196,0026800510,"MAR 07, 1969",BOS @ LAL,L,0,5,15.0,,,,,2,3,0.667,,,9.0,2.0,,,,2.0,12,,0
10,21968,77196,0026800506,"MAR 06, 1969",BOS @ SDR,L,0,5,14.0,,,,,1,1,1.0,,,4.0,3.0,,,,2.0,11,,0
11,21968,77196,0026800499,"MAR 04, 1969",BOS @ SFW,L,31,3,15.0,,,,,1,1,1.0,,,6.0,3.0,,,,2.0,7,,0
12,21968,77196,0026800490,"MAR 02, 1969",BOS vs. CHI,W,34,8,19.0,,,,,4,5,0.8,,,2.0,2.0,,,,5.0,20,,0
13,21968,77196,0026800487,"MAR 01, 1969",BOS @ NYK,L,28,7,18.0,,,,,2,5,0.4,,,1.0,3.0,,,,2.0,16,,0
14,21968,77196,0026800479,"FEB 28, 1969",BOS vs. ATL,W,34,12,19.0,,,,,7,8,0.875,,,2.0,4.0,,,,3.0,31,,0
15,21968,77196,0026800475,"FEB 26, 1969",BOS vs. NYK,L,35,9,22.0,,,,,4,6,0.667,,,11.0,1.0,,,,5.0,22,,0
16,21968,77196,0026800472,"FEB 25, 1969",BOS vs. PHX,W,21,1,5.0,,,,,5,5,1.0,,,3.0,5.0,,,,1.0,7,,0
17,21968,77196,0026800461,"FEB 23, 1969",BOS @ SEA,L,33,8,19.0,,,,,4,5,0.8,,,5.0,4.0,,,,5.0,20,,0
18,21968,77196,0026800459,"FEB 22, 1969",BOS @ PHX,W,22,9,18.0,,,,,1,2,0.5,,,4.0,5.0,,,,1.0,19,,0
19,21968,77196,0026800455,"FEB 21, 1969",BOS @ LAL,W,0,13,24.0,,,,,1,1,1.0,,,0.0,5.0,,,,2.0,27,,0
20,21968,77196,0026800444,"FEB 18, 1969",BOS vs. PHX,W,32,9,16.0,,,,,1,2,0.5,,,1.0,3.0,,,,1.0,19,,0
21,21968,77196,0026800436,"FEB 16, 1969",BOS @ PHL,L,32,14,21.0,,,,,2,4,0.5,,,3.0,2.0,,,,2.0,30,,0
22,21968,77196,0026800430,"FEB 14, 1969",BOS @ ATL,L,0,10,22.0,,,,,3,3,1.0,,,9.0,2.0,,,,3.0,23,,0
23,21968,77196,0026800421,"FEB 12, 1969",BOS @ DET,W,0,8,,,,,,3,4,0.75,,,,,,,,1.0,19,,0
24,21968,77196,0026800412,"FEB 09, 1969",BOS vs. PHL,W,36,9,22.0,,,,,6,8,0.75,,,8.0,1.0,,,,4.0,24,,0
25,21968,77196,0026800402,"FEB 07, 1969",BOS vs. ATL,L,38,10,20.0,,,,,4,4,1.0,,,6.0,2.0,,,,1.0,24,,0
26,21968,77196,0026800396,"FEB 05, 1969",BOS @ BLT,L,27,12,21.0,,,,,6,6,1.0,,,2.0,1.0,,,,2.0,30,,0
27,21968,77196,0026800389,"FEB 04, 1969",BOS @ SDR,L,0,6,,,,,,3,4,0.75,,,,,,,,1.0,15,,0
28,21968,77196,0026800386,"FEB 02, 1969",BOS vs. NYK,L,32,8,15.0,,,,,2,5,0.4,,,3.0,1.0,,,,5.0,18,,0
29,21968,77196,0026800380,"FEB 01, 1969",BOS @ NYK,L,22,3,11.0,,,,,1,3,0.333,,,3.0,1.0,,,,2.0,7,,0
30,21968,77196,0026800375,"JAN 31, 1969",BOS vs. CIN,W,28,11,21.0,,,,,0,0,0.0,,,4.0,4.0,,,,3.0,22,,0
31,21968,77196,0026800363,"JAN 29, 1969",BOS @ SEA,L,42,18,32.0,,,,,3,3,1.0,,,4.0,3.0,,,,4.0,39,,0
32,21968,77196,0026800360,"JAN 28, 1969",BOS vs. ATL,W,28,5,16.0,,,,,0,0,0.0,,,8.0,2.0,,,,0.0,10,,0
33,21968,77196,0026800355,"JAN 26, 1969",BOS vs. BLT,W,22,12,22.0,,,,,4,4,1.0,,,5.0,1.0,,,,0.0,28,,0
34,21968,77196,0026800342,"JAN 24, 1969",BOS vs. PHL,L,23,4,13.0,,,,,1,1,1.0,,,4.0,2.0,,,,1.0,9,,0
35,21968,77196,0026800340,"JAN 22, 1969",BOS @ CHI,L,0,10,,,,,,4,5,0.8,,,,,,,,2.0,24,,0
36,21968,77196,0026800330,"JAN 20, 1969",BOS @ BLT,L,37,14,27.0,,,,,7,7,1.0,,,4.0,3.0,,,,2.0,35,,0
37,21968,77196,0026800324,"JAN 18, 1969",BOS vs. SEA,W,31,9,17.0,,,,,2,2,1.0,,,5.0,6.0,,,,5.0,20,,0
38,21968,77196,0026800320,"JAN 17, 1969",BOS vs. SFW,W,30,7,17.0,,,,,0,0,0.0,,,4.0,5.0,,,,2.0,14,,0
39,21968,77196,0026800311,"JAN 12, 1969",BOS @ MIL,L,0,2,,,,,,0,0,0.0,,,,,,,,,4,,0
40,21968,77196,0026800306,"JAN 11, 1969",BOS @ PHL,W,16,4,8.0,,,,,0,0,0.0,,,5.0,3.0,,,,1.0,8,,0
41,21968,77196,0026800303,"JAN 10, 1969",BOS vs. LAL,W,19,10,16.0,,,,,0,0,0.0,,,5.0,1.0,,,,2.0,20,,0
42,21968,77196,0026800296,"JAN 08, 1969",BOS vs. DET,W,4,1,1.0,,,,,0,0,0.0,,,1.0,0.0,,,,0.0,2,,0
43,21968,77196,0026800287,"JAN 06, 1969",BOS @ SEA,W,13,0,7.0,0.0,,,,0,0,,,,0.0,1.0,,,,0.0,0,,0
44,21968,77196,0026800285,"JAN 05, 1969",BOS @ SFW,W,22,7,13.0,,,,,2,2,1.0,,,5.0,2.0,,,,0.0,16,,0
45,21968,77196,0026800276,"JAN 03, 1969",BOS @ SFW,L,23,7,13.0,,,,,2,3,0.667,,,6.0,4.0,,,,0.0,16,,0
46,21968,77196,0026800271,"JAN 02, 1969",BOS @ SDR,W,0,6,17.0,,,,,2,4,0.5,,,5.0,4.0,,,,0.0,14,,0
47,21968,77196,0026800269,"JAN 01, 1969",BOS @ PHX,W,7,0,2.0,,,,,1,1,1.0,,,4.0,0.0,,,,0.0,1,,0
48,21968,77196,0026800264,"DEC 31, 1968",BOS vs. CIN,L,16,1,6.0,,,,,0,0,0.0,,,3.0,2.0,,,,1.0,2,,0
49,21968,77196,0026800255,"DEC 28, 1968",BOS @ ATL,L,17,2,9.0,,,,,0,1,0.0,,,2.0,2.0,,,,3.0,4,,0
50,21968,77196,0026800245,"DEC 26, 1968",BOS vs. MIL,W,14,2,10.0,,,,,0,0,0.0,,,3.0,3.0,,,,0.0,4,,0
51,21968,77196,0026800222,"DEC 18, 1968",BOS vs. NYK,L,23,4,8.0,,,,,2,2,1.0,,,2.0,1.0,,,,2.0,10,,0
52,21968,77196,0026800127,"NOV 23, 1968",BOS @ NYK,L,31,8,22.0,,,,,3,4,0.75,,,5.0,3.0,,,,0.0,19,,0
53,21968,77196,0026800121,"NOV 22, 1968",BOS vs. PHX,W,6,2,4.0,,,,,1,1,1.0,,,0.0,0.0,,,,0.0,5,,0
54,21968,77196,0026800115,"NOV 20, 1968",BOS @ SEA,W,22,8,22.0,,,,,1,1,1.0,,,4.0,2.0,,,,1.0,17,,0
55,21968,77196,0026800110,"NOV 19, 1968",BOS @ LAL,L,0,8,14.0,,,,,1,1,1.0,,,3.0,0.0,,,,1.0,17,,0
56,21968,77196,0026800104,"NOV 17, 1968",BOS @ PHX,W,22,8,12.0,,,,,2,2,1.0,,,4.0,2.0,,,,0.0,18,,0
57,21968,77196,0026800101,"NOV 16, 1968",BOS @ SDR,W,0,10,,,,,,4,5,0.8,,,,,,,,,24,,0
58,21968,77196,0026800095,"NOV 15, 1968",BOS vs. CIN,W,20,5,11.0,,,,,0,0,0.0,,,0.0,3.0,,,,1.0,10,,0
59,21968,77196,0026800082,"NOV 11, 1968",BOS vs. SDR,W,22,9,16.0,,,,,2,2,1.0,,,4.0,,,,,1.0,20,,0
60,21968,77196,0026800077,"NOV 09, 1968",BOS @ MIL,W,0,10,,,,,,4,5,0.8,,,,,,,,,24,,0
61,21968,77196,0026800071,"NOV 08, 1968",BOS vs. SEA,L,26,5,11.0,,,,,3,3,1.0,,,3.0,8.0,,,,3.0,13,,0
62,21968,77196,0026800060,"NOV 03, 1968",BOS @ ATL,W,21,9,16.0,,,,,2,4,0.5,,,5.0,2.0,,,,1.0,20,,0
63,21968,77196,0026800052,"NOV 01, 1968",BOS vs. PHL,W,39,7,18.0,,,,,0,0,0.0,,,4.0,3.0,,,,4.0,14,,0
64,21968,77196,0026800041,"OCT 30, 1968",BOS vs. DET,L,17,4,10.0,,,,,0,0,0.0,,,2.0,4.0,,,,0.0,8,,0
65,21968,77196,0026800040,"OCT 29, 1968",BOS @ CHI,L,31,5,14.0,,,,,3,6,0.5,,,5.0,1.0,,,,3.0,13,,0
66,21968,77196,0026800034,"OCT 26, 1968",BOS vs. MIL,W,32,4,19.0,,,,,5,5,1.0,,,8.0,5.0,,,,2.0,13,,0
67,21968,77196,0026800024,"OCT 23, 1968",BOS vs. CIN,W,29,6,17.0,,,,,2,3,0.667,,,3.0,,,,,3.0,14,,0
68,21968,77196,0026800014,"OCT 19, 1968",BOS @ CHI,W,0,3,,,,,,3,3,1.0,,,,,,,,,9,,0
69,21968,77196,0026800010,"OCT 18, 1968",BOS @ DET,W,0,12,,,,,,0,0,0.0,,,,,,,,,24,,0
